2026-10-08 00:33:20  
========================================================================
VERIFICATION OUTPUT STATE
========================================================================
{
  "research_run_id": "43459ca9-e999-47f5-8ded-7b2806d63747",
  "decision": {
    "status": "retry_required",
    "targeted_actions": [
      {
        "worker": "competitor_intelligence",
        "reason": "Azure DevOps simplifies ASPICE compliance by allowing the extension of process templates with work item types like 'System Requirement' or 'Safety Goal' and enforcing state transitions. Integration with Azure Boards provides real-time traceability matrices. — Named official, analyst, or news source beyond this URL class."
      },
      {
        "worker": "competitor_intelligence",
        "reason": "The pricing structure for Azure DevOps includes a Basic Plan at $6 per user per month, with the first five users free. For more advanced features, such as manual test case management, the Basic + Test Plans option is available at $52 per user per month. Additional costs apply for parallel pipeline jobs and Azure Artifacts, which are priced separately. — Named official, analyst, or news source beyond this URL class."
      },
      {
        "worker": "competitor_intelligence",
        "reason": "Azure DevOps integrates with various tools such as IBM DOORS, Jira, and GitLab, facilitating compliance management and requirements traceability. — Named official, analyst, or news source beyond this URL class."
      },
      {
        "worker": "competitor_intelligence",
        "reason": "Azure DevOps provides security features that support compliance requirements, including the ability to enforce least privilege access and secure secrets in Azure Key Vault. This is essential for organizations in regulated industries to maintain compliance with standards like SOC 2 and ISO 27001. — Named official, analyst, or news source beyond this URL class."
      },
      {
        "worker": "competitor_intelligence",
        "reason": "Azure DevOps provides capabilities for managing automotive compliance workflows, including traceability and risk management aligned with ISO 26262 and ASPICE standards. It features built-in tools for risk management, trace analysis, and requirements reuse, which are essential for safety-critical teams in the automotive sector. Additionally, audit evidence and traceability are maintained directly within the Azure DevOps environment, supporting compliance with global automotive standards. — Named official, analyst, or news source beyond this URL class."
      },
      {
        "worker": "market_intelligence",
        "reason": "Fabrication lead times for automotive chips have stretched from 12 to 26 weeks. — Named official, analyst, or news source beyond this URL class."
      },
      {
        "worker": "market_intelligence",
        "reason": "François E. Guichard is the UNECE Technical Secretary of the WP.29/GRVA. — Named official, analyst, or news source beyond this URL class."
      },
      {
        "worker": "market_intelligence",
        "reason": "MISRA guidelines support ISO 26262 compliance. — Named official, analyst, or news source beyond this URL class."
      },
      {
        "worker": "market_intelligence",
        "reason": "AUTOSAR C++14 guidelines support ISO 26262 compliance. — Named official, analyst, or news source beyond this URL class."
      },
      {
        "worker": "market_intelligence",
        "reason": "Fewer than 30 consumer EVs are available in North America. — Named official, analyst, or news source beyond this URL class."
      }
    ],
    "summary": "0 of 26 findings are evidence-backed; 26 need targeted follow-up."
  },
  "findings": [
    {
      "finding_id": "4ce9de9a-46d3-4452-8811-f33952dca7ef",
      "worker": "competitor_intelligence",
      "statement": "Azure DevOps simplifies ASPICE compliance by allowing the extension of process templates with work item types like 'System Requirement' or 'Safety Goal' and enforcing state transitions. Integration with Azure Boards provides real-time traceability matrices.",
      "verification_status": "insufficient",
      "evidence_quality": "low",
      "evidence_ids": [
        "fed70fcf-9150-4a36-9619-6e000728788f"
      ],
      "contradictions": [],
      "missing_information": [
        "Named official, analyst, or news source beyond this URL class."
      ],
      "confidence": 0.31
    },
    {
      "finding_id": "9e397953-81a1-4017-8282-d33d663af175",
      "worker": "competitor_intelligence",
      "statement": "The pricing structure for Azure DevOps includes a Basic Plan at $6 per user per month, with the first five users free. For more advanced features, such as manual test case management, the Basic + Test Plans option is available at $52 per user per month. Additional costs apply for parallel pipeline jobs and Azure Artifacts, which are priced separately.",
      "verification_status": "insufficient",
      "evidence_quality": "low",
      "evidence_ids": [
        "5918f6fa-bbcc-4da4-b609-ad0e1e7bb715"
      ],
      "contradictions": [],
      "missing_information": [
        "Named official, analyst, or news source beyond this URL class."
      ],
      "confidence": 0.31
    },
    {
      "finding_id": "3f960f7d-6fd4-4ef9-9e28-8cd8be9d63a3",
      "worker": "competitor_intelligence",
      "statement": "Azure DevOps integrates with various tools such as IBM DOORS, Jira, and GitLab, facilitating compliance management and requirements traceability.",
      "verification_status": "insufficient",
      "evidence_quality": "low",
      "evidence_ids": [
        "08fc1676-cec2-42ee-a7c6-c231939ca9fc",
        "1e90b332-f7a1-4065-911f-4438b9fdf6c5"
      ],
      "contradictions": [],
      "missing_information": [
        "Named official, analyst, or news source beyond this URL class."
      ],
      "confidence": 0.31
    },
    {
      "finding_id": "8f2b866a-d1c1-4ebd-8720-6d8e4301a90e",
      "worker": "competitor_intelligence",
      "statement": "Azure DevOps provides security features that support compliance requirements, including the ability to enforce least privilege access and secure secrets in Azure Key Vault. This is essential for organizations in regulated industries to maintain compliance with standards like SOC 2 and ISO 27001.",
      "verification_status": "insufficient",
      "evidence_quality": "low",
      "evidence_ids": [
        "b35bd742-4844-4fe6-9c64-3bff15c03b5b"
      ],
      "contradictions": [],
      "missing_information": [
        "Named official, analyst, or news source beyond this URL class."
      ],
      "confidence": 0.31
    },
    {
      "finding_id": "36986314-6a7a-4b81-af84-e5657381379c",
      "worker": "competitor_intelligence",
      "statement": "Azure DevOps provides capabilities for managing automotive compliance workflows, including traceability and risk management aligned with ISO 26262 and ASPICE standards. It features built-in tools for risk management, trace analysis, and requirements reuse, which are essential for safety-critical teams in the automotive sector. Additionally, audit evidence and traceability are maintained directly within the Azure DevOps environment, supporting compliance with global automotive standards.",
      "verification_status": "insufficient",
      "evidence_quality": "low",
      "evidence_ids": [
        "252d28ea-eac9-4923-8e4b-94d2007ef5fd"
      ],
      "contradictions": [],
      "missing_information": [
        "Named official, analyst, or news source beyond this URL class."
      ],
      "confidence": 0.31
    },
    {
      "finding_id": "4e09a665-0bc4-4d59-a47b-7097acc66650",
      "worker": "competitor_intelligence",
      "statement": "Azure DevOps is SOC 2 Type II and ISO 9001 certified, indicating strong practices for data handling, access management, and operational discipline. It is also aligned with ISO 26262 for traceability and safety goal verification, making it suitable for regulated environments in the automotive industry.",
      "verification_status": "insufficient",
      "evidence_quality": "low",
      "evidence_ids": [
        "252d28ea-eac9-4923-8e4b-94d2007ef5fd"
      ],
      "contradictions": [],
      "missing_information": [
        "Named official, analyst, or news source beyond this URL class."
      ],
      "confidence": 0.31
    },
    {
      "finding_id": "c277a1df-38e9-422f-be18-f8c0ff7622a9",
      "worker": "competitor_intelligence",
      "statement": "Azure DevOps integrates with various automotive compliance tools and standards, including ISO 26262 and ASPICE. The platform supports risk management integration and traceability, which are critical for compliance in automotive development processes.",
      "verification_status": "insufficient",
      "evidence_quality": "low",
      "evidence_ids": [
        "252d28ea-eac9-4923-8e4b-94d2007ef5fd"
      ],
      "contradictions": [],
      "missing_information": [
        "Named official, analyst, or news source beyond this URL class."
      ],
      "confidence": 0.31
    },
    {
      "finding_id": "7f2ccf62-9fd7-4827-9e00-15cad8beb6d2",
      "worker": "competitor_intelligence",
      "statement": "Azure DevOps is utilized by 76,316 companies, including notable automotive firms like Wagner AG Waldstatt, indicating a significant customer base within the automotive industry.",
      "verification_status": "insufficient",
      "evidence_quality": "low",
      "evidence_ids": [
        "357dbdfb-163c-4c46-9fff-67eec5e7f086"
      ],
      "contradictions": [],
      "missing_information": [
        "Named official, analyst, or news source beyond this URL class."
      ],
      "confidence": 0.31
    },
    {
      "finding_id": "6bb6e306-5e75-41e8-8777-54f56e26cf4a",
      "worker": "competitor_intelligence",
      "statement": "In 2026, Azure DevOps holds a 13.62% share of the DevOps services market, reflecting its substantial presence and adoption among enterprises.",
      "verification_status": "insufficient",
      "evidence_quality": "low",
      "evidence_ids": [
        "6d2bd2fc-94a5-4d60-b518-179efc7d650e",
        "510c989e-6bcf-4568-8287-913c392cb1bf"
      ],
      "contradictions": [],
      "missing_information": [
        "Named official, analyst, or news source beyond this URL class."
      ],
      "confidence": 0.31
    },
    {
      "finding_id": "347b1f2a-5a4c-4fc8-868e-b1ebd81a087d",
      "worker": "competitor_intelligence",
      "statement": "Azure DevOps supports automated compliance tools that help automate checks for adherence to industry standards like MISRA C, ensuring compliance in DevOps pipelines for automotive development.",
      "verification_status": "insufficient",
      "evidence_quality": "low",
      "evidence_ids": [
        "7261c17e-765e-4e3c-974d-e986b296341f"
      ],
      "contradictions": [],
      "missing_information": [
        "Named official, analyst, or news source beyond this URL class."
      ],
      "confidence": 0.31
    },
    {
      "finding_id": "07fd0010-61c6-480a-ace2-393542df4f7b",
      "worker": "competitor_intelligence",
      "statement": "Azure DevOps has announced enhancements to compliance features, including automatic Secure Erasure Certificates, which are expected to improve compliance management by 2026.",
      "verification_status": "insufficient",
      "evidence_quality": "low",
      "evidence_ids": [
        "28e91403-df9a-4252-be27-5e75f743ba12"
      ],
      "contradictions": [],
      "missing_information": [
        "Named official, analyst, or news source beyond this URL class."
      ],
      "confidence": 0.31
    },
    {
      "finding_id": "18577870-ec16-4a7f-9081-80c495394d2d",
      "worker": "competitor_intelligence",
      "statement": "The pricing structure for Azure DevOps includes a Basic Plan at $6 per user per month, with the first five users free. For more advanced features, the Basic + Test Plans option is available at $52 per user per month.",
      "verification_status": "insufficient",
      "evidence_quality": "low",
      "evidence_ids": [
        "197a0f61-6a06-4945-9315-80768d3ff1d1"
      ],
      "contradictions": [],
      "missing_information": [
        "Named official, analyst, or news source beyond this URL class."
      ],
      "confidence": 0.31
    },
    {
      "finding_id": "64a07c0b-cb91-4184-a73f-44324f1e94e1",
      "worker": "competitor_intelligence",
      "statement": "Azure DevOps supports DevSecOps at the planning stage, allowing teams to track security tasks, risks, and compliance using Azure Boards.",
      "verification_status": "insufficient",
      "evidence_quality": "low",
      "evidence_ids": [
        "d98d662c-37c0-4ed6-a371-77dee52c243d"
      ],
      "contradictions": [],
      "missing_information": [
        "Named official, analyst, or news source beyond this URL class."
      ],
      "confidence": 0.31
    },
    {
      "finding_id": "b158b7f8-c8d3-4630-9f28-f1372abe9072",
      "worker": "competitor_intelligence",
      "statement": "Azure DevOps offers Standard Support for $100 per month, which includes 24/7 access via email and phone, with a response time of one hour for critical issues. Professional Direct support is available for $1,000 per month, providing a designated technical account manager and a response time of 15 minutes for critical issues.",
      "verification_status": "insufficient",
      "evidence_quality": "low",
      "evidence_ids": [
        "a617041a-d980-43cc-baf8-ddbc947cdeb2"
      ],
      "contradictions": [],
      "missing_information": [
        "Named official, analyst, or news source beyond this URL class."
      ],
      "confidence": 0.31
    },
    {
      "finding_id": "47d088cd-3122-4ff3-bf57-5bfaa7fd26e1",
      "worker": "competitor_intelligence",
      "statement": "Azure DevOps utilizes Azure Policy to enforce organizational standards automatically, including compliance with regulations such as HIPAA, SOC2, and PCI DSS. This feature allows teams to automate compliance reporting and ensure adherence to necessary standards.",
      "verification_status": "insufficient",
      "evidence_quality": "low",
      "evidence_ids": [
        "dce14b35-e9c3-4bd1-858d-8a769efb7047"
      ],
      "contradictions": [],
      "missing_information": [
        "Named official, analyst, or news source beyond this URL class."
      ],
      "confidence": 0.31
    },
    {
      "finding_id": "c69bbb6b-2670-4a6a-861e-7e4f29907441",
      "worker": "market_intelligence",
      "statement": "Fabrication lead times for automotive chips have stretched from 12 to 26 weeks.",
      "verification_status": "insufficient",
      "evidence_quality": "low",
      "evidence_ids": [
        "d2d7a480-1282-427f-8f81-e6430b613967"
      ],
      "contradictions": [],
      "missing_information": [
        "Named official, analyst, or news source beyond this URL class."
      ],
      "confidence": 0.31
    },
    {
      "finding_id": "23808c52-1d8c-4c51-abaa-3b20ff7ac752",
      "worker": "market_intelligence",
      "statement": "François E. Guichard is the UNECE Technical Secretary of the WP.29/GRVA.",
      "verification_status": "insufficient",
      "evidence_quality": "low",
      "evidence_ids": [
        "17eaba75-b9c4-4013-b57d-e0018e6afece"
      ],
      "contradictions": [],
      "missing_information": [
        "Named official, analyst, or news source beyond this URL class."
      ],
      "confidence": 0.31
    },
    {
      "finding_id": "2f0740b6-0575-40d6-b0eb-36ee1f5dc093",
      "worker": "market_intelligence",
      "statement": "MISRA guidelines support ISO 26262 compliance.",
      "verification_status": "insufficient",
      "evidence_quality": "low",
      "evidence_ids": [
        "ccc815cc-d01e-47fd-af90-23ba592757c4"
      ],
      "contradictions": [],
      "missing_information": [
        "Named official, analyst, or news source beyond this URL class."
      ],
      "confidence": 0.31
    },
    {
      "finding_id": "8587e42d-a9be-457a-8728-f906658ed8d8",
      "worker": "market_intelligence",
      "statement": "AUTOSAR C++14 guidelines support ISO 26262 compliance.",
      "verification_status": "insufficient",
      "evidence_quality": "low",
      "evidence_ids": [
        "2cfe78f7-e206-44c9-ac11-f2ddebfe8e53"
      ],
      "contradictions": [],
      "missing_information": [
        "Named official, analyst, or news source beyond this URL class."
      ],
      "confidence": 0.31
    },
    {
      "finding_id": "a3cb5a99-8b2f-40ef-b2ce-8241badfa966",
      "worker": "market_intelligence",
      "statement": "Fewer than 30 consumer EVs are available in North America.",
      "verification_status": "insufficient",
      "evidence_quality": "low",
      "evidence_ids": [
        "2c1ba96d-2284-4d42-88dd-3912f3ff6092"
      ],
      "contradictions": [],
      "missing_information": [
        "Named official, analyst, or news source beyond this URL class."
      ],
      "confidence": 0.31
    },
    {
      "finding_id": "0619bf37-7f73-4634-a0b7-a9fc1c73fcbb",
      "worker": "market_intelligence",
      "statement": "Over 400 conventional vehicle models are available in North America.",
      "verification_status": "insufficient",
      "evidence_quality": "low",
      "evidence_ids": [
        "ae887b30-b114-4192-84ba-c13cfc815e94"
      ],
      "contradictions": [],
      "missing_information": [
        "Named official, analyst, or news source beyond this URL class."
      ],
      "confidence": 0.31
    },
    {
      "finding_id": "3c0f68cd-f1d3-41a9-bd25-2d844829579a",
      "worker": "market_intelligence",
      "statement": "SPK has more than 20 years of experience supporting engineering organizations.",
      "verification_status": "insufficient",
      "evidence_quality": "low",
      "evidence_ids": [
        "3b9343ff-6c4f-4fd3-bafb-e34e855e3e8a"
      ],
      "contradictions": [],
      "missing_information": [
        "Named official, analyst, or news source beyond this URL class."
      ],
      "confidence": 0.31
    },
    {
      "finding_id": "e0dd7463-c646-4897-9553-b060508a8641",
      "worker": "market_intelligence",
      "statement": "Software and ICT services more than doubled its 2018 R&D spending by 2024.",
      "verification_status": "insufficient",
      "evidence_quality": "low",
      "evidence_ids": [
        "ecd9413d-f52d-41f2-be0b-9367ecdecced"
      ],
      "contradictions": [],
      "missing_information": [
        "Named official, analyst, or news source beyond this URL class."
      ],
      "confidence": 0.31
    },
    {
      "finding_id": "de334e4c-49fd-412b-9db7-ce4986c257ee",
      "worker": "market_intelligence",
      "statement": "Software and ICT services' share of total R&D spending increased from 14% in 2018 to over 20% in 2024.",
      "verification_status": "insufficient",
      "evidence_quality": "low",
      "evidence_ids": [
        "cc26c3a7-4458-4b45-9a3b-d13ba940e08e"
      ],
      "contradictions": [],
      "missing_information": [
        "Claim quantity 14% is not in the saved source.",
        "Claim quantity 20% is not in the saved source.",
        "Named official, analyst, or news source beyond this URL class."
      ],
      "confidence": 0.23
    },
    {
      "finding_id": "43ef8b67-4a56-4272-9899-32a8478e83a3",
      "worker": "market_intelligence",
      "statement": "The automobile industry's R&D intensity was 5%.",
      "verification_status": "insufficient",
      "evidence_quality": "low",
      "evidence_ids": [
        "c6c77420-aa4a-47b2-ac9e-6d8fa80b5215"
      ],
      "contradictions": [],
      "missing_information": [
        "Claim quantity 5% is not in the saved source.",
        "Named official, analyst, or news source beyond this URL class."
      ],
      "confidence": 0.27
    },
    {
      "finding_id": "46b8ef18-38f4-4f76-b4ff-e3d6ec9c4888",
      "worker": "market_intelligence",
      "statement": "GitLab uses a per-user per-year pricing model with three main tiers.",
      "verification_status": "insufficient",
      "evidence_quality": "low",
      "evidence_ids": [
        "d3de3495-bfd2-4ee6-8719-7aa57343f322"
      ],
      "contradictions": [],
      "missing_information": [
        "Worker confidence below 60%.",
        "Named official, analyst, or news source beyond this URL class."
      ],
      "confidence": 0.27
    }
  ],
  "control_summary": {
    "missing_information": [
      "Named official, analyst, or news source beyond this URL class.",
      "Claim quantity 14% is not in the saved source.",
      "Claim quantity 20% is not in the saved source.",
      "Claim quantity 5% is not in the saved source.",
      "Worker confidence below 60%."
    ],
    "conflicts": [],
    "failures": [
      "internal_intelligence: \"no worker registered for 'internal_intelligence'\""
    ],
    "next_research_targets": [
      "Azure DevOps simplifies ASPICE compliance by allowing the extension of process templates with work item types like 'System Requirement' or 'Safety Goal' and enforcing state transitions. Integration with Azure Boards provides real-time traceability matrices. — Named official, analyst, or news source beyond this URL class.",
      "The pricing structure for Azure DevOps includes a Basic Plan at $6 per user per month, with the first five users free. For more advanced features, such as manual test case management, the Basic + Test Plans option is available at $52 per user per month. Additional costs apply for parallel pipeline jobs and Azure Artifacts, which are priced separately. — Named official, analyst, or news source beyond this URL class.",
      "Azure DevOps integrates with various tools such as IBM DOORS, Jira, and GitLab, facilitating compliance management and requirements traceability. — Named official, analyst, or news source beyond this URL class.",
      "Azure DevOps provides security features that support compliance requirements, including the ability to enforce least privilege access and secure secrets in Azure Key Vault. This is essential for organizations in regulated industries to maintain compliance with standards like SOC 2 and ISO 27001. — Named official, analyst, or news source beyond this URL class.",
      "Azure DevOps provides capabilities for managing automotive compliance workflows, including traceability and risk management aligned with ISO 26262 and ASPICE standards. It features built-in tools for risk management, trace analysis, and requirements reuse, which are essential for safety-critical teams in the automotive sector. Additionally, audit evidence and traceability are maintained directly within the Azure DevOps environment, supporting compliance with global automotive standards. — Named official, analyst, or news source beyond this URL class.",
      "Azure DevOps is SOC 2 Type II and ISO 9001 certified, indicating strong practices for data handling, access management, and operational discipline. It is also aligned with ISO 26262 for traceability and safety goal verification, making it suitable for regulated environments in the automotive industry. — Named official, analyst, or news source beyond this URL class.",
      "Azure DevOps integrates with various automotive compliance tools and standards, including ISO 26262 and ASPICE. The platform supports risk management integration and traceability, which are critical for compliance in automotive development processes. — Named official, analyst, or news source beyond this URL class.",
      "Azure DevOps is utilized by 76,316 companies, including notable automotive firms like Wagner AG Waldstatt, indicating a significant customer base within the automotive industry. — Named official, analyst, or news source beyond this URL class.",
      "In 2026, Azure DevOps holds a 13.62% share of the DevOps services market, reflecting its substantial presence and adoption among enterprises. — Named official, analyst, or news source beyond this URL class.",
      "Azure DevOps supports automated compliance tools that help automate checks for adherence to industry standards like MISRA C, ensuring compliance in DevOps pipelines for automotive development. — Named official, analyst, or news source beyond this URL class.",
      "Azure DevOps has announced enhancements to compliance features, including automatic Secure Erasure Certificates, which are expected to improve compliance management by 2026. — Named official, analyst, or news source beyond this URL class.",
      "The pricing structure for Azure DevOps includes a Basic Plan at $6 per user per month, with the first five users free. For more advanced features, the Basic + Test Plans option is available at $52 per user per month. — Named official, analyst, or news source beyond this URL class.",
      "Azure DevOps supports DevSecOps at the planning stage, allowing teams to track security tasks, risks, and compliance using Azure Boards. — Named official, analyst, or news source beyond this URL class.",
      "Azure DevOps offers Standard Support for $100 per month, which includes 24/7 access via email and phone, with a response time of one hour for critical issues. Professional Direct support is available for $1,000 per month, providing a designated technical account manager and a response time of 15 minutes for critical issues. — Named official, analyst, or news source beyond this URL class.",
      "Azure DevOps utilizes Azure Policy to enforce organizational standards automatically, including compliance with regulations such as HIPAA, SOC2, and PCI DSS. This feature allows teams to automate compliance reporting and ensure adherence to necessary standards. — Named official, analyst, or news source beyond this URL class.",
      "Fabrication lead times for automotive chips have stretched from 12 to 26 weeks. — Named official, analyst, or news source beyond this URL class.",
      "François E. Guichard is the UNECE Technical Secretary of the WP.29/GRVA. — Named official, analyst, or news source beyond this URL class.",
      "MISRA guidelines support ISO 26262 compliance. — Named official, analyst, or news source beyond this URL class.",
      "AUTOSAR C++14 guidelines support ISO 26262 compliance. — Named official, analyst, or news source beyond this URL class.",
      "Fewer than 30 consumer EVs are available in North America. — Named official, analyst, or news source beyond this URL class.",
      "Over 400 conventional vehicle models are available in North America. — Named official, analyst, or news source beyond this URL class.",
      "SPK has more than 20 years of experience supporting engineering organizations. — Named official, analyst, or news source beyond this URL class.",
      "Software and ICT services more than doubled its 2018 R&D spending by 2024. — Named official, analyst, or news source beyond this URL class.",
      "Software and ICT services' share of total R&D spending increased from 14% in 2018 to over 20% in 2024. — Claim quantity 14% is not in the saved source.",
      "The automobile industry's R&D intensity was 5%. — Claim quantity 5% is not in the saved source.",
      "GitLab uses a per-user per-year pricing model with three main tiers. — Worker confidence below 60%."
    ]
  },
  "metadata": {
    "workers": [
      "competitor_intelligence",
      "market_intelligence",
      "internal_intelligence"
    ],
    "finding_count": 26,
    "verified_count": 0,
    "insufficient_count": 26,
    "completed_at": "2026-10-07T21:33:20.749620+00:00"
  },
  "completed_at": "2026-10-07T21:33:20.749642Z"
}

2026-10-08 00:44:33  
========================================================================
VERIFICATION OUTPUT STATE
========================================================================
{
  "research_run_id": "cd3d9865-2085-439f-a65e-9a631ff77a28",
  "decision": {
    "status": "verified",
    "targeted_actions": [],
    "summary": "1 of 24 findings are evidence-backed; 23 were insufficient and recorded for follow-up."
  },
  "findings": [
    {
      "finding_id": "d78fe104-b0ec-42b4-963a-31eb0435aab7",
      "worker": "competitor_intelligence",
      "statement": "Azure DevOps supports automotive compliance workflows by allowing users to extend process templates with custom work item types such as 'System Requirement' and 'Safety Goal'. This enables teams to enforce state transitions and maintain real-time traceability matrices through integration with Azure Boards' queries, facilitating ASPICE compliance for large Tier-1 suppliers.",
      "verification_status": "insufficient",
      "evidence_quality": "low",
      "evidence_ids": [
        "2ae36cd6-63ee-4cb0-b586-67ff028fd14c"
      ],
      "contradictions": [],
      "missing_information": [
        "Named official, analyst, or news source beyond this URL class."
      ],
      "confidence": 0.31
    },
    {
      "finding_id": "bdfdd3ba-a562-4361-b1f2-79823c7b6ea0",
      "worker": "competitor_intelligence",
      "statement": "Azure DevOps offers integration options with various tools, including IBM DOORS, Jira, and GitLab, allowing for seamless connectivity with legacy PLM systems and other development tools. This integration supports comprehensive requirements management and traceability across different platforms, essential for automotive compliance.",
      "verification_status": "insufficient",
      "evidence_quality": "low",
      "evidence_ids": [
        "ac307da3-8960-4941-a1e4-e397595efc03",
        "5ba591c7-f0fb-4e50-a44c-38537a74e9f3"
      ],
      "contradictions": [],
      "missing_information": [
        "Named official, analyst, or news source beyond this URL class."
      ],
      "confidence": 0.31
    },
    {
      "finding_id": "247b0470-d221-4113-85a6-723f731ce05c",
      "worker": "competitor_intelligence",
      "statement": "Azure DevOps incorporates security features relevant to automotive compliance, including the use of OAuth scopes for extensions and secure secrets management via Azure Key Vault. These features ensure robust data handling and access management practices within the platform.",
      "verification_status": "insufficient",
      "evidence_quality": "low",
      "evidence_ids": [
        "835b2bd3-9dc9-46f4-8f17-37fec2a1e060"
      ],
      "contradictions": [],
      "missing_information": [
        "Named official, analyst, or news source beyond this URL class."
      ],
      "confidence": 0.31
    },
    {
      "finding_id": "29d6a1fc-61c2-4480-a6d4-8f6f6cd364d2",
      "worker": "competitor_intelligence",
      "statement": "As of 2026, Azure DevOps is utilized by 117,012 verified organizations across various sectors, including technology, financial services, and healthcare. This widespread adoption indicates a significant presence in the automotive compliance sector.",
      "verification_status": "insufficient",
      "evidence_quality": "low",
      "evidence_ids": [
        "71b46e95-1ab0-4fbd-91a5-49cd12b62d5f"
      ],
      "contradictions": [],
      "missing_information": [
        "Named official, analyst, or news source beyond this URL class."
      ],
      "confidence": 0.31
    },
    {
      "finding_id": "d47d1120-c649-469f-911f-f6b546b4d351",
      "worker": "competitor_intelligence",
      "statement": "Azure DevOps provides support options for automotive compliance users, including built-in tools for risk management, traceability, and compliance management. These features are designed to assist teams in navigating the complexities of automotive regulations and ensuring adherence to standards like ISO 26262 and ASPICE.",
      "verification_status": "insufficient",
      "evidence_quality": "low",
      "evidence_ids": [
        "d3bedca9-fa56-4f03-b6a5-579dac0dfd33"
      ],
      "contradictions": [],
      "missing_information": [
        "Named official, analyst, or news source beyond this URL class."
      ],
      "confidence": 0.31
    },
    {
      "finding_id": "fdc1fa8c-d332-4c36-9e7e-bffab8f46ff5",
      "worker": "competitor_intelligence",
      "statement": "Azure DevOps supports compliance workflows through integration with compliance software that helps organizations manage regulatory standards and internal policies. This includes functionalities for tracking regulatory changes, automating audits, and managing documentation to reduce the risk of non-compliance.",
      "verification_status": "insufficient",
      "evidence_quality": "low",
      "evidence_ids": [
        "56daf772-84fc-47d3-ba12-068c3c9b1eef"
      ],
      "contradictions": [],
      "missing_information": [
        "Named official, analyst, or news source beyond this URL class."
      ],
      "confidence": 0.31
    },
    {
      "finding_id": "6e351db3-7292-4386-8245-a15b03bb1d06",
      "worker": "competitor_intelligence",
      "statement": "Azure DevOps offers integration options with compliance software solutions, enabling organizations to automate compliance management processes. This includes tools for AI compliance management, data privacy management, and risk management.",
      "verification_status": "insufficient",
      "evidence_quality": "low",
      "evidence_ids": [
        "56daf772-84fc-47d3-ba12-068c3c9b1eef"
      ],
      "contradictions": [],
      "missing_information": [
        "Named official, analyst, or news source beyond this URL class."
      ],
      "confidence": 0.31
    },
    {
      "finding_id": "e0f465d7-1794-4809-b7a9-adab918eb3c0",
      "worker": "competitor_intelligence",
      "statement": "Azure DevOps offers a tiered pricing structure for its services, starting at $45 per user for the Azure DevOps Server, with additional costs based on the services and platforms selected. Paid support options range from $29 to $1,000 per month, depending on the level of support required. This pricing model allows organizations to choose between monthly or yearly billing.",
      "verification_status": "insufficient",
      "evidence_quality": "low",
      "evidence_ids": [
        "fbdd28c6-b08c-4235-94c5-d1de1bc69638"
      ],
      "contradictions": [],
      "missing_information": [
        "Named official, analyst, or news source beyond this URL class."
      ],
      "confidence": 0.31
    },
    {
      "finding_id": "a40d1856-382f-4eb4-a2f2-d60b7aa36bd8",
      "worker": "competitor_intelligence",
      "statement": "The March 2026 update for Azure DevOps introduced enhanced enterprise governance, security controls, and SDLC visibility, including improved audit logging and compliance reporting capabilities. These updates are designed to help organizations manage risk and enforce policy, aligning Azure DevOps with the needs of compliance workflows.",
      "verification_status": "insufficient",
      "evidence_quality": "low",
      "evidence_ids": [
        "bc33c91e-31cf-49b9-ac5b-1cb887cbfe12"
      ],
      "contradictions": [],
      "missing_information": [
        "Named official, analyst, or news source beyond this URL class."
      ],
      "confidence": 0.31
    },
    {
      "finding_id": "51bd476d-2c8d-4dd9-9879-9c35a9249106",
      "worker": "market_intelligence",
      "statement": "The automotive compliance management market is projected to be USD 16.08 billion in 2024.",
      "verification_status": "insufficient",
      "evidence_quality": "low",
      "evidence_ids": [
        "a53a3e82-f282-4d14-9095-abf6e56511e4"
      ],
      "contradictions": [],
      "missing_information": [
        "Named official, analyst, or news source beyond this URL class."
      ],
      "confidence": 0.31
    },
    {
      "finding_id": "3f16508a-dfd2-4328-af8b-189871aad70c",
      "worker": "market_intelligence",
      "statement": "The market is projected to reach USD 37.68 billion by 2031.",
      "verification_status": "insufficient",
      "evidence_quality": "low",
      "evidence_ids": [
        "d20317c5-44a9-49ea-a482-d9d7a42f0c59"
      ],
      "contradictions": [],
      "missing_information": [
        "Named official, analyst, or news source beyond this URL class."
      ],
      "confidence": 0.31
    },
    {
      "finding_id": "c4e5258f-c8e4-46ff-9821-c1134bd90358",
      "worker": "market_intelligence",
      "statement": "The compound annual growth rate (CAGR) from 2024 to 2031 is 12.9%.",
      "verification_status": "insufficient",
      "evidence_quality": "low",
      "evidence_ids": [
        "2ba9c586-f0c9-4126-bf92-8a5727fc086d"
      ],
      "contradictions": [],
      "missing_information": [
        "Named official, analyst, or news source beyond this URL class."
      ],
      "confidence": 0.31
    },
    {
      "finding_id": "eadb9890-5f6d-46bd-bb32-ec15ab9fce1a",
      "worker": "market_intelligence",
      "statement": "Azure DevOps has successfully passed the ISO 26262 ASIL D certification.",
      "verification_status": "insufficient",
      "evidence_quality": "low",
      "evidence_ids": [
        "15cfb84b-e00e-4dab-baa7-3e83f8c89b87"
      ],
      "contradictions": [],
      "missing_information": [
        "Named official, analyst, or news source beyond this URL class."
      ],
      "confidence": 0.31
    },
    {
      "finding_id": "a5e84780-2f9c-4488-a5a6-a69042ff489e",
      "worker": "market_intelligence",
      "statement": "Azure DevOps is the only software development platform with ISO 26262 ASIL D certification.",
      "verification_status": "insufficient",
      "evidence_quality": "low",
      "evidence_ids": [
        "37fa4b94-4d34-404b-a06d-5da1e9df4cb7"
      ],
      "contradictions": [],
      "missing_information": [
        "Named official, analyst, or news source beyond this URL class."
      ],
      "confidence": 0.31
    },
    {
      "finding_id": "60b75508-44f6-4591-8030-8400cc40523e",
      "worker": "market_intelligence",
      "statement": "ISO 26262 is an international standard for the functional safety of road vehicles.",
      "verification_status": "insufficient",
      "evidence_quality": "low",
      "evidence_ids": [
        "05677ae2-212e-4691-bda1-2573d7a84c82"
      ],
      "contradictions": [],
      "missing_information": [
        "Named official, analyst, or news source beyond this URL class."
      ],
      "confidence": 0.31
    },
    {
      "finding_id": "9ef54df7-4120-4b00-a959-e9ff26fb895e",
      "worker": "market_intelligence",
      "statement": "ISO 26262 defines Automotive Safety Integrity Level (ASIL) ratings ranging from A (low risk) to D (high risk).",
      "verification_status": "insufficient",
      "evidence_quality": "low",
      "evidence_ids": [
        "cf9885a9-a02d-425d-9643-8d442aed377b"
      ],
      "contradictions": [],
      "missing_information": [
        "Named official, analyst, or news source beyond this URL class."
      ],
      "confidence": 0.31
    },
    {
      "finding_id": "d219c734-d453-4469-a1ae-81ed7fa5cfc0",
      "worker": "market_intelligence",
      "statement": "Key automotive cybersecurity standards include UN R155, UN R156, ISO/SAE 21434, ISO 24089, and China's GB 44495 and GB 44496.",
      "verification_status": "insufficient",
      "evidence_quality": "low",
      "evidence_ids": [
        "d3e382c3-c53f-42c8-9153-54acebe4b628"
      ],
      "contradictions": [],
      "missing_information": [
        "Named official, analyst, or news source beyond this URL class."
      ],
      "confidence": 0.31
    },
    {
      "finding_id": "96602ec5-b61d-4071-987f-e5616bfaef8b",
      "worker": "market_intelligence",
      "statement": "ASPICE applies the ISO/IEC 15504 (SPICE) framework to the automotive industry to define best practices for embedded software.",
      "verification_status": "insufficient",
      "evidence_quality": "low",
      "evidence_ids": [
        "f7b1850a-f43c-4d87-b864-6fc5af19dd30"
      ],
      "contradictions": [],
      "missing_information": [
        "Named official, analyst, or news source beyond this URL class."
      ],
      "confidence": 0.31
    },
    {
      "finding_id": "63139964-fc5c-44f7-817f-f46a5abfbaeb",
      "worker": "market_intelligence",
      "statement": "The global market for Automotive OTA Updates Compliance is estimated to be valued at USD 5.41 billion in 2026.",
      "verification_status": "insufficient",
      "evidence_quality": "low",
      "evidence_ids": [
        "81b27190-3022-4b77-bad1-45514194aca6"
      ],
      "contradictions": [],
      "missing_information": [
        "Named official, analyst, or news source beyond this URL class."
      ],
      "confidence": 0.31
    },
    {
      "finding_id": "1ffad991-caff-4db4-8d29-b3a532c2e7de",
      "worker": "market_intelligence",
      "statement": "The market size for Automotive OTA Updates Compliance is projected to reach USD 18 billion by 2036.",
      "verification_status": "insufficient",
      "evidence_quality": "low",
      "evidence_ids": [
        "b093bad1-147d-44ea-91db-f959c8f20b3a"
      ],
      "contradictions": [],
      "missing_information": [
        "Named official, analyst, or news source beyond this URL class."
      ],
      "confidence": 0.31
    },
    {
      "finding_id": "a89f7dd1-f7ef-41fa-8253-b646f5c7a85b",
      "worker": "market_intelligence",
      "statement": "Demand for Automotive OTA Updates Compliance is expected to grow at a compound annual growth rate (CAGR) of 12.75% between 2026 and 2036.",
      "verification_status": "insufficient",
      "evidence_quality": "low",
      "evidence_ids": [
        "bf09f723-3ecc-495f-92e0-6cf1d0d8b1d4"
      ],
      "contradictions": [],
      "missing_information": [
        "Named official, analyst, or news source beyond this URL class."
      ],
      "confidence": 0.31
    },
    {
      "finding_id": "a08e5858-03ae-40cd-8b9f-ddb7b0b6494e",
      "worker": "market_intelligence",
      "statement": "By 2030, electric vehicles (EVs) are expected to represent 30% of vehicles in use in the U.S.",
      "verification_status": "verified",
      "evidence_quality": "high",
      "evidence_ids": [
        "ace19535-374d-491a-8c80-46f99f037a40"
      ],
      "contradictions": [],
      "missing_information": [],
      "confidence": 0.94
    },
    {
      "finding_id": "f0d5b205-0610-4360-bddc-675efd532d74",
      "worker": "market_intelligence",
      "statement": "The General Data Protection Regulation (GDPR) requires OEMs to apply effective security measures to protect collected and processed data.",
      "verification_status": "insufficient",
      "evidence_quality": "low",
      "evidence_ids": [
        "aba22cd1-31c7-45c0-9bef-b5f347662ecd"
      ],
      "contradictions": [],
      "missing_information": [
        "Named official, analyst, or news source beyond this URL class."
      ],
      "confidence": 0.31
    },
    {
      "finding_id": "b3f198c5-9315-49ef-b429-d257f68975d4",
      "worker": "market_intelligence",
      "statement": "NHTSA has issued a standing order on crash reporting that mobility stakeholders must comply with.",
      "verification_status": "insufficient",
      "evidence_quality": "low",
      "evidence_ids": [
        "0f5f8e85-33d1-43ca-859f-e9f6d37130bf"
      ],
      "contradictions": [],
      "missing_information": [
        "Named official, analyst, or news source beyond this URL class."
      ],
      "confidence": 0.31
    }
  ],
  "control_summary": {
    "missing_information": [
      "Named official, analyst, or news source beyond this URL class."
    ],
    "conflicts": [],
    "failures": [
      "internal_intelligence: \"no worker registered for 'internal_intelligence'\""
    ],
    "next_research_targets": [
      "Azure DevOps supports automotive compliance workflows by allowing users to extend process templates with custom work item types such as 'System Requirement' and 'Safety Goal'. This enables teams to enforce state transitions and maintain real-time traceability matrices through integration with Azure Boards' queries, facilitating ASPICE compliance for large Tier-1 suppliers. — Named official, analyst, or news source beyond this URL class.",
      "Azure DevOps offers integration options with various tools, including IBM DOORS, Jira, and GitLab, allowing for seamless connectivity with legacy PLM systems and other development tools. This integration supports comprehensive requirements management and traceability across different platforms, essential for automotive compliance. — Named official, analyst, or news source beyond this URL class.",
      "Azure DevOps incorporates security features relevant to automotive compliance, including the use of OAuth scopes for extensions and secure secrets management via Azure Key Vault. These features ensure robust data handling and access management practices within the platform. — Named official, analyst, or news source beyond this URL class.",
      "As of 2026, Azure DevOps is utilized by 117,012 verified organizations across various sectors, including technology, financial services, and healthcare. This widespread adoption indicates a significant presence in the automotive compliance sector. — Named official, analyst, or news source beyond this URL class.",
      "Azure DevOps provides support options for automotive compliance users, including built-in tools for risk management, traceability, and compliance management. These features are designed to assist teams in navigating the complexities of automotive regulations and ensuring adherence to standards like ISO 26262 and ASPICE. — Named official, analyst, or news source beyond this URL class.",
      "Azure DevOps supports compliance workflows through integration with compliance software that helps organizations manage regulatory standards and internal policies. This includes functionalities for tracking regulatory changes, automating audits, and managing documentation to reduce the risk of non-compliance. — Named official, analyst, or news source beyond this URL class.",
      "Azure DevOps offers integration options with compliance software solutions, enabling organizations to automate compliance management processes. This includes tools for AI compliance management, data privacy management, and risk management. — Named official, analyst, or news source beyond this URL class.",
      "Azure DevOps offers a tiered pricing structure for its services, starting at $45 per user for the Azure DevOps Server, with additional costs based on the services and platforms selected. Paid support options range from $29 to $1,000 per month, depending on the level of support required. This pricing model allows organizations to choose between monthly or yearly billing. — Named official, analyst, or news source beyond this URL class.",
      "The March 2026 update for Azure DevOps introduced enhanced enterprise governance, security controls, and SDLC visibility, including improved audit logging and compliance reporting capabilities. These updates are designed to help organizations manage risk and enforce policy, aligning Azure DevOps with the needs of compliance workflows. — Named official, analyst, or news source beyond this URL class.",
      "The automotive compliance management market is projected to be USD 16.08 billion in 2024. — Named official, analyst, or news source beyond this URL class.",
      "The market is projected to reach USD 37.68 billion by 2031. — Named official, analyst, or news source beyond this URL class.",
      "The compound annual growth rate (CAGR) from 2024 to 2031 is 12.9%. — Named official, analyst, or news source beyond this URL class.",
      "Azure DevOps has successfully passed the ISO 26262 ASIL D certification. — Named official, analyst, or news source beyond this URL class.",
      "Azure DevOps is the only software development platform with ISO 26262 ASIL D certification. — Named official, analyst, or news source beyond this URL class.",
      "ISO 26262 is an international standard for the functional safety of road vehicles. — Named official, analyst, or news source beyond this URL class.",
      "ISO 26262 defines Automotive Safety Integrity Level (ASIL) ratings ranging from A (low risk) to D (high risk). — Named official, analyst, or news source beyond this URL class.",
      "Key automotive cybersecurity standards include UN R155, UN R156, ISO/SAE 21434, ISO 24089, and China's GB 44495 and GB 44496. — Named official, analyst, or news source beyond this URL class.",
      "ASPICE applies the ISO/IEC 15504 (SPICE) framework to the automotive industry to define best practices for embedded software. — Named official, analyst, or news source beyond this URL class.",
      "The global market for Automotive OTA Updates Compliance is estimated to be valued at USD 5.41 billion in 2026. — Named official, analyst, or news source beyond this URL class.",
      "The market size for Automotive OTA Updates Compliance is projected to reach USD 18 billion by 2036. — Named official, analyst, or news source beyond this URL class.",
      "Demand for Automotive OTA Updates Compliance is expected to grow at a compound annual growth rate (CAGR) of 12.75% between 2026 and 2036. — Named official, analyst, or news source beyond this URL class.",
      "The General Data Protection Regulation (GDPR) requires OEMs to apply effective security measures to protect collected and processed data. — Named official, analyst, or news source beyond this URL class.",
      "NHTSA has issued a standing order on crash reporting that mobility stakeholders must comply with. — Named official, analyst, or news source beyond this URL class."
    ]
  },
  "metadata": {
    "workers": [
      "internal_intelligence",
      "competitor_intelligence",
      "market_intelligence"
    ],
    "finding_count": 24,
    "verified_count": 1,
    "insufficient_count": 23,
    "completed_at": "2026-10-07T21:44:33.846761+00:00"
  },
  "completed_at": "2026-10-07T21:44:33.846784Z"
}

2026-10-08 10:35:10  
[verification] NODE: assess_findings

[verification] NODE: decide

========================================================================
[verification] OUTPUT STATE
========================================================================
{
  "research_run_id": "58df3e30-2647-4d74-bef9-6dff422a3daf",
  "decision": {
    "status": "verified",
    "targeted_actions": [],
    "summary": "1 of 11 findings are evidence-backed; 10 were insufficient and recorded for follow-up."
  },
  "findings": [
    {
      "finding_id": "3829acc9-3bf9-47e7-ba09-863dd1d06917",
      "worker": "market_intelligence",
      "statement": "The EU Cyber Resilience Act entered into force on December 10, 2024, with full compliance requirements applying from December 11, 2027.",
      "verification_status": "insufficient",
      "evidence_quality": "low",
      "evidence_ids": [
        "879f86e1-9c75-4169-8426-cb0f855a903f"
      ],
      "contradictions": [],
      "missing_information": [
        "Named official, analyst, or news source beyond this URL class."
      ],
      "confidence": 0.31
    },
    {
      "finding_id": "2c93361b-763b-404b-b738-558fd1adb191",
      "worker": "market_intelligence",
      "statement": "MISRA guidelines support ISO 26262 by providing a set of best practices and coding standards to ensure the safety, reliability, and maintainability of automotive software.",
      "verification_status": "insufficient",
      "evidence_quality": "low",
      "evidence_ids": [
        "bfee041d-e86e-4d4b-af16-aacad27c9f68"
      ],
      "contradictions": [],
      "missing_information": [
        "Named official, analyst, or news source beyond this URL class."
      ],
      "confidence": 0.31
    },
    {
      "finding_id": "a7b05c6f-c9b4-4057-bb40-cd8cf15b7928",
      "worker": "market_intelligence",
      "statement": "AUTOSAR C++14 guidelines support ISO 26262 by offering coding standards and best practices specifically tailored for the safety and reliability of automotive software development in C++.",
      "verification_status": "insufficient",
      "evidence_quality": "low",
      "evidence_ids": [
        "18b68c52-57d6-4fd3-9291-746482039606"
      ],
      "contradictions": [],
      "missing_information": [
        "Named official, analyst, or news source beyond this URL class."
      ],
      "confidence": 0.31
    },
    {
      "finding_id": "c5113397-9f0f-4ced-a42e-94837c598dc5",
      "worker": "market_intelligence",
      "statement": "CERT coding standards aid ISO 26262 compliance by providing guidelines to enhance software security and reliability, helping to prevent vulnerabilities and coding errors in automotive systems.",
      "verification_status": "insufficient",
      "evidence_quality": "low",
      "evidence_ids": [
        "efadf402-8aeb-46a6-ad58-2e545a44f646"
      ],
      "contradictions": [],
      "missing_information": [
        "Named official, analyst, or news source beyond this URL class."
      ],
      "confidence": 0.31
    },
    {
      "finding_id": "a25a239f-0fdb-43c6-bd2d-7044e373204e",
      "worker": "market_intelligence",
      "statement": "A modern car contains millions of lines of code across numerous electronic control units.",
      "verification_status": "insufficient",
      "evidence_quality": "low",
      "evidence_ids": [
        "db46b023-0b5f-4437-8a98-cd3b0bd9b8f1"
      ],
      "contradictions": [],
      "missing_information": [
        "Worker confidence below 60%.",
        "Named official, analyst, or news source beyond this URL class."
      ],
      "confidence": 0.27
    },
    {
      "finding_id": "2ab084e1-5b24-49f1-b4e8-4a2cb147b97c",
      "worker": "market_intelligence",
      "statement": "Azure DevOps is integrated to connect compliance, cybersecurity, and engineering workflows for automotive teams.",
      "verification_status": "insufficient",
      "evidence_quality": "low",
      "evidence_ids": [
        "c669df46-bb27-45c8-8273-36257fb2cafd"
      ],
      "contradictions": [],
      "missing_information": [
        "Named official, analyst, or news source beyond this URL class."
      ],
      "confidence": 0.31
    },
    {
      "finding_id": "5d01836a-a951-4b53-995f-fed823d16b34",
      "worker": "market_intelligence",
      "statement": "Over 450 automotive development professionals responded to the survey.",
      "verification_status": "insufficient",
      "evidence_quality": "low",
      "evidence_ids": [
        "b53aacd5-7ecf-4b8a-9a24-09e20b319312"
      ],
      "contradictions": [],
      "missing_information": [
        "Named official, analyst, or news source beyond this URL class."
      ],
      "confidence": 0.31
    },
    {
      "finding_id": "9624db41-4d87-4876-b2fe-9a4e6c334163",
      "worker": "market_intelligence",
      "statement": "55% of survey respondents are already using a static analysis tool.",
      "verification_status": "insufficient",
      "evidence_quality": "low",
      "evidence_ids": [
        "6f9751da-073d-4233-b0ee-e4fa3797274d"
      ],
      "contradictions": [],
      "missing_information": [
        "Named official, analyst, or news source beyond this URL class."
      ],
      "confidence": 0.31
    },
    {
      "finding_id": "58841c2f-8a84-4b18-b910-e56f675e54b1",
      "worker": "market_intelligence",
      "statement": "CircleCI is the best CI/CD platform for automotive.",
      "verification_status": "insufficient",
      "evidence_quality": "low",
      "evidence_ids": [
        "2c004a1b-fa4e-4172-896f-cf1092215f62"
      ],
      "contradictions": [],
      "missing_information": [
        "Worker confidence below 60%.",
        "Named official, analyst, or news source beyond this URL class."
      ],
      "confidence": 0.27
    },
    {
      "finding_id": "711e4843-e338-4935-9f6b-1c3d15af25d0",
      "worker": "market_intelligence",
      "statement": "CircleCI is identified as the best CI/CD platform for automotive.",
      "verification_status": "insufficient",
      "evidence_quality": "low",
      "evidence_ids": [
        "e82f9d61-cae2-4ab1-853f-7da051c59476"
      ],
      "contradictions": [],
      "missing_information": [
        "Worker confidence below 60%.",
        "Named official, analyst, or news source beyond this URL class."
      ],
      "confidence": 0.27
    },
    {
      "finding_id": "f28a16ca-9deb-47dc-879e-ae07ac0653bb",
      "worker": "market_intelligence",
      "statement": "GitLab Geo provides distributed cloning for self‑managed deployments.",
      "verification_status": "verified",
      "evidence_quality": "medium",
      "evidence_ids": [
        "452c8d09-6169-446e-b321-903b5b1c630a"
      ],
      "contradictions": [],
      "missing_information": [],
      "confidence": 0.78
    }
  ],
  "control_summary": {
    "missing_information": [
      "Named official, analyst, or news source beyond this URL class.",
      "Worker confidence below 60%.",
      "[Azure DevOps] Current product features specifically related to automotive compliance solutions offered by Azure DevOps. — No verified findings on current product features related to automotive compliance solutions offered by Azure DevOps.",
      "[Azure DevOps] Actual pricing structure for Azure DevOps, including any tiers or packages relevant to automotive compliance. — No verified findings on the actual pricing structure for Azure DevOps, including tiers or packages relevant to automotive compliance.",
      "[Azure DevOps] Positioning strategy of Azure DevOps in the automotive compliance market compared to GitLab. — No verified findings on the positioning strategy of Azure DevOps in the automotive compliance market compared to GitLab.",
      "[Azure DevOps] Recent product launches or updates from Azure DevOps that pertain to automotive compliance solutions. — No verified findings on recent product launches or updates from Azure DevOps that pertain to automotive compliance solutions.",
      "[Azure DevOps] Integration capabilities of Azure DevOps with other tools and platforms relevant to automotive compliance. — No verified findings on integration capabilities of Azure DevOps with other tools and platforms relevant to automotive compliance.",
      "[Azure DevOps] Customer adoption metrics or case studies for Azure DevOps in the automotive compliance sector. — No verified findings on customer adoption metrics or case studies for Azure DevOps in the automotive compliance sector.",
      "[Azure DevOps] Security features of Azure DevOps that are specifically applicable to automotive compliance solutions. — No verified findings on security features of Azure DevOps specifically applicable to automotive compliance solutions.",
      "[Azure DevOps] Support options available for Azure DevOps users focusing on automotive compliance. — No verified findings on support options available for Azure DevOps users focusing on automotive compliance."
    ],
    "conflicts": [],
    "failures": [
      "internal_intelligence: \"no worker registered for 'internal_intelligence'\""
    ],
    "next_research_targets": [
      "The EU Cyber Resilience Act entered into force on December 10, 2024, with full compliance requirements applying from December 11, 2027. — Named official, analyst, or news source beyond this URL class.",
      "MISRA guidelines support ISO 26262 by providing a set of best practices and coding standards to ensure the safety, reliability, and maintainability of automotive software. — Named official, analyst, or news source beyond this URL class.",
      "AUTOSAR C++14 guidelines support ISO 26262 by offering coding standards and best practices specifically tailored for the safety and reliability of automotive software development in C++. — Named official, analyst, or news source beyond this URL class.",
      "CERT coding standards aid ISO 26262 compliance by providing guidelines to enhance software security and reliability, helping to prevent vulnerabilities and coding errors in automotive systems. — Named official, analyst, or news source beyond this URL class.",
      "A modern car contains millions of lines of code across numerous electronic control units. — Worker confidence below 60%.",
      "Azure DevOps is integrated to connect compliance, cybersecurity, and engineering workflows for automotive teams. — Named official, analyst, or news source beyond this URL class.",
      "Over 450 automotive development professionals responded to the survey. — Named official, analyst, or news source beyond this URL class.",
      "55% of survey respondents are already using a static analysis tool. — Named official, analyst, or news source beyond this URL class.",
      "CircleCI is the best CI/CD platform for automotive. — Worker confidence below 60%.",
      "CircleCI is identified as the best CI/CD platform for automotive. — Worker confidence below 60%.",
      "[Azure DevOps] Current product features specifically related to automotive compliance solutions offered by Azure DevOps. — No verified findings on current product features related to automotive compliance solutions offered by Azure DevOps.",
      "[Azure DevOps] Actual pricing structure for Azure DevOps, including any tiers or packages relevant to automotive compliance. — No verified findings on the actual pricing structure for Azure DevOps, including tiers or packages relevant to automotive compliance.",
      "[Azure DevOps] Positioning strategy of Azure DevOps in the automotive compliance market compared to GitLab. — No verified findings on the positioning strategy of Azure DevOps in the automotive compliance market compared to GitLab.",
      "[Azure DevOps] Recent product launches or updates from Azure DevOps that pertain to automotive compliance solutions. — No verified findings on recent product launches or updates from Azure DevOps that pertain to automotive compliance solutions.",
      "[Azure DevOps] Integration capabilities of Azure DevOps with other tools and platforms relevant to automotive compliance. — No verified findings on integration capabilities of Azure DevOps with other tools and platforms relevant to automotive compliance.",
      "[Azure DevOps] Customer adoption metrics or case studies for Azure DevOps in the automotive compliance sector. — No verified findings on customer adoption metrics or case studies for Azure DevOps in the automotive compliance sector.",
      "[Azure DevOps] Security features of Azure DevOps that are specifically applicable to automotive compliance solutions. — No verified findings on security features of Azure DevOps specifically applicable to automotive compliance solutions.",
      "[Azure DevOps] Support options available for Azure DevOps users focusing on automotive compliance. — No verified findings on support options available for Azure DevOps users focusing on automotive compliance."
    ]
  },
  "metadata": {
    "workers": [
      "competitor_intelligence",
      "market_intelligence",
      "internal_intelligence"
    ],
    "finding_count": 11,
    "verified_count": 1,
    "insufficient_count": 10,
    "completed_at": "2026-10-08T07:35:10.507175+00:00"
  },
  "completed_at": "2026-10-08T07:35:10.507205Z"
}

2026-10-08 10:54:48  
[verification] NODE: assess_findings

[verification] NODE: decide

========================================================================
[verification] OUTPUT STATE
========================================================================
{
  "research_run_id": "400f84b5-1d00-4581-a22a-9d8bfcdc2d95",
  "decision": {
    "status": "verified",
    "targeted_actions": [],
    "summary": "14 of 17 findings are evidence-backed; 3 were insufficient and recorded for follow-up."
  },
  "findings": [
    {
      "finding_id": "c3c65739-8855-4f61-b9e2-cd8edc096f41",
      "worker": "market_intelligence",
      "statement": "South America contributes approximately 8% of the global Automotive Dealer Technology Platforms Market.",
      "verification_status": "verified",
      "evidence_quality": "medium",
      "evidence_ids": [
        "feb6333d-dbce-4ede-83a2-b25a5bd163b8"
      ],
      "contradictions": [],
      "missing_information": [],
      "confidence": 0.78
    },
    {
      "finding_id": "c546c467-210f-4693-ab2b-9c66c7f1aa2f",
      "worker": "market_intelligence",
      "statement": "Around 48% of mid-sized dealerships in Brazil have transitioned to cloud-based CRM platforms.",
      "verification_status": "verified",
      "evidence_quality": "medium",
      "evidence_ids": [
        "31595ba7-c36a-4f8a-b2dd-f1948bf6fbef"
      ],
      "contradictions": [],
      "missing_information": [],
      "confidence": 0.78
    },
    {
      "finding_id": "b51d30fd-3998-425b-8998-ca922fa9c87e",
      "worker": "market_intelligence",
      "statement": "The Middle East & Africa region accounts for approximately 5% of global market share.",
      "verification_status": "verified",
      "evidence_quality": "medium",
      "evidence_ids": [
        "c2bda25e-9ddf-4770-94d1-f70f6af4ac84"
      ],
      "contradictions": [],
      "missing_information": [],
      "confidence": 0.78
    },
    {
      "finding_id": "b60035e9-d467-4dc1-ae88-69276f3839ec",
      "worker": "market_intelligence",
      "statement": "UNECE R155 is formally UN Regulation No. 155, an international automotive cybersecurity regulation.",
      "verification_status": "verified",
      "evidence_quality": "medium",
      "evidence_ids": [
        "f2b91bb9-43c2-4a76-b4e6-0ede2c979d9f"
      ],
      "contradictions": [],
      "missing_information": [],
      "confidence": 0.78
    },
    {
      "finding_id": "e3e90846-94e9-4741-9504-548ecdc1241d",
      "worker": "market_intelligence",
      "statement": "UNECE R156 is formally UN Regulation No. 156, establishing requirements for vehicle software updates and Software Update Management Systems.",
      "verification_status": "verified",
      "evidence_quality": "medium",
      "evidence_ids": [
        "dcb27c6d-674c-48c2-add8-73bb89b49ec4"
      ],
      "contradictions": [],
      "missing_information": [],
      "confidence": 0.78
    },
    {
      "finding_id": "c28d261d-06aa-429f-ba61-2d003bc0cda7",
      "worker": "market_intelligence",
      "statement": "R155 focuses on cybersecurity risk management, while R156 focuses on software update management.",
      "verification_status": "insufficient",
      "evidence_quality": "low",
      "evidence_ids": [
        "e0222c4e-5f4b-4eea-b187-054ac89c7770"
      ],
      "contradictions": [],
      "missing_information": [
        "Named official, analyst, or news source beyond this URL class."
      ],
      "confidence": 0.31
    },
    {
      "finding_id": "38c7517e-6618-4ecd-b43b-1094d84d799c",
      "worker": "market_intelligence",
      "statement": "Over 450 automotive development professionals responded to the survey.",
      "verification_status": "verified",
      "evidence_quality": "medium",
      "evidence_ids": [
        "b5e8cbf1-38bd-4d26-9e8e-c6eb1cd81afc"
      ],
      "contradictions": [],
      "missing_information": [],
      "confidence": 0.78
    },
    {
      "finding_id": "d69bb635-4caa-4dee-a40a-478468df276c",
      "worker": "market_intelligence",
      "statement": "55% of survey respondents are already using a static analysis tool.",
      "verification_status": "verified",
      "evidence_quality": "medium",
      "evidence_ids": [
        "dc60d13a-5549-42b3-b76d-5df85377d9fe"
      ],
      "contradictions": [],
      "missing_information": [],
      "confidence": 0.78
    },
    {
      "finding_id": "576ef0e6-c18f-4846-9115-1c3fb408339b",
      "worker": "market_intelligence",
      "statement": "71% of automotive professionals are using AI in their product design.",
      "verification_status": "verified",
      "evidence_quality": "medium",
      "evidence_ids": [
        "d97581e3-60c4-4268-b6d4-b8fe074b9ce3"
      ],
      "contradictions": [],
      "missing_information": [],
      "confidence": 0.78
    },
    {
      "finding_id": "828bc4e6-740c-4ddb-9582-12dc7a3b1763",
      "worker": "market_intelligence",
      "statement": "Excelfore eSync is a standards‑based OTA platform that provides secure update mechanisms, auditability, authentication, integrity validation, and integration capabilities.",
      "verification_status": "insufficient",
      "evidence_quality": "low",
      "evidence_ids": [
        "aa296ff4-78f6-449f-88a9-ec8e34dd2f91"
      ],
      "contradictions": [],
      "missing_information": [
        "Named official, analyst, or news source beyond this URL class."
      ],
      "confidence": 0.31
    },
    {
      "finding_id": "adab58d3-49cf-4986-8e61-c7f1e269e7ec",
      "worker": "market_intelligence",
      "statement": "ISO 21434 is a cybersecurity standard referenced for OTA deployment and vehicle software lifecycle compliance.",
      "verification_status": "verified",
      "evidence_quality": "medium",
      "evidence_ids": [
        "43b579d4-4e11-406b-988c-cc31681afc44"
      ],
      "contradictions": [],
      "missing_information": [],
      "confidence": 0.78
    },
    {
      "finding_id": "33f462a2-049c-4836-a500-67f5e9012276",
      "worker": "market_intelligence",
      "statement": "UNECE WP.29 is a regulation that OTA platforms must meet to satisfy automotive compliance requirements.",
      "verification_status": "verified",
      "evidence_quality": "medium",
      "evidence_ids": [
        "ab043b8c-e095-4473-a3e3-f4c1ae4305f7"
      ],
      "contradictions": [],
      "missing_information": [],
      "confidence": 0.78
    },
    {
      "finding_id": "324d03f2-380e-4095-81a9-cf66068d86fc",
      "worker": "market_intelligence",
      "statement": "UNECE R155 focuses on the Cyber Security Management System (CSMS).",
      "verification_status": "verified",
      "evidence_quality": "medium",
      "evidence_ids": [
        "722b8515-e6fc-41d4-a915-03e9aa0efe02"
      ],
      "contradictions": [],
      "missing_information": [],
      "confidence": 0.78
    },
    {
      "finding_id": "6fba3ca4-13b1-4f8f-9be9-d7ae0662ac70",
      "worker": "market_intelligence",
      "statement": "UNECE R156 addresses the Software Update Management System (SUMS).",
      "verification_status": "verified",
      "evidence_quality": "medium",
      "evidence_ids": [
        "86f7d15d-0f91-4528-92a5-e29554729b49"
      ],
      "contradictions": [],
      "missing_information": [],
      "confidence": 0.78
    },
    {
      "finding_id": "cb505654-1cca-402f-96ce-da932bf90e35",
      "worker": "market_intelligence",
      "statement": "GitLab is a TISAX certified organization.",
      "verification_status": "insufficient",
      "evidence_quality": "medium",
      "evidence_ids": [
        "c5798fd8-6ce0-4e83-a657-d2f945878b15"
      ],
      "contradictions": [],
      "missing_information": [
        "Worker confidence below 60%."
      ],
      "confidence": 0.41
    },
    {
      "finding_id": "6c1455a8-9266-4076-86e2-fba1d668969a",
      "worker": "market_intelligence",
      "statement": "Software retained a 71.65% revenue share in 2025.",
      "verification_status": "verified",
      "evidence_quality": "medium",
      "evidence_ids": [
        "7807670f-e952-44ce-8e8e-d1fd3a9dcb2d"
      ],
      "contradictions": [],
      "missing_information": [],
      "confidence": 0.78
    },
    {
      "finding_id": "eea02bed-675b-4337-9a0f-ccd4c4e456e0",
      "worker": "market_intelligence",
      "statement": "Services are expected to grow at a 12.98% CAGR through 2031.",
      "verification_status": "verified",
      "evidence_quality": "medium",
      "evidence_ids": [
        "0373e3a6-6c41-47ac-888c-9ba61298933c"
      ],
      "contradictions": [],
      "missing_information": [],
      "confidence": 0.78
    }
  ],
  "control_summary": {
    "missing_information": [
      "Named official, analyst, or news source beyond this URL class.",
      "Worker confidence below 60%.",
      "[Azure DevOps] Current capabilities of Azure DevOps in supporting automotive compliance workflows. — No verified findings on Azure DevOps' capabilities in supporting automotive compliance workflows.",
      "[Azure DevOps] Details on Azure DevOps' pricing structure for automotive compliance solutions. — No verified findings on Azure DevOps' pricing structure for automotive compliance solutions.",
      "[Azure DevOps] Integration options available with Azure DevOps for automotive compliance tools. — No verified findings on integration options available with Azure DevOps for automotive compliance tools.",
      "[Azure DevOps] Customer adoption rates of Azure DevOps in the automotive compliance sector. — No verified findings on customer adoption rates of Azure DevOps in the automotive compliance sector.",
      "[Azure DevOps] Security features of Azure DevOps relevant to automotive compliance. — No verified findings on security features of Azure DevOps relevant to automotive compliance.",
      "[Azure DevOps] Support options provided by Azure DevOps for automotive compliance users. — No verified findings on support options provided by Azure DevOps for automotive compliance users.",
      "[Azure DevOps] Recent updates or changes to Azure DevOps offerings that impact automotive compliance. — No verified findings on recent updates or changes to Azure DevOps offerings that impact automotive compliance."
    ],
    "conflicts": [],
    "failures": [
      "internal_intelligence: \"no worker registered for 'internal_intelligence'\""
    ],
    "next_research_targets": [
      "R155 focuses on cybersecurity risk management, while R156 focuses on software update management. — Named official, analyst, or news source beyond this URL class.",
      "Excelfore eSync is a standards‑based OTA platform that provides secure update mechanisms, auditability, authentication, integrity validation, and integration capabilities. — Named official, analyst, or news source beyond this URL class.",
      "GitLab is a TISAX certified organization. — Worker confidence below 60%.",
      "[Azure DevOps] Current capabilities of Azure DevOps in supporting automotive compliance workflows. — No verified findings on Azure DevOps' capabilities in supporting automotive compliance workflows.",
      "[Azure DevOps] Details on Azure DevOps' pricing structure for automotive compliance solutions. — No verified findings on Azure DevOps' pricing structure for automotive compliance solutions.",
      "[Azure DevOps] Integration options available with Azure DevOps for automotive compliance tools. — No verified findings on integration options available with Azure DevOps for automotive compliance tools.",
      "[Azure DevOps] Customer adoption rates of Azure DevOps in the automotive compliance sector. — No verified findings on customer adoption rates of Azure DevOps in the automotive compliance sector.",
      "[Azure DevOps] Security features of Azure DevOps relevant to automotive compliance. — No verified findings on security features of Azure DevOps relevant to automotive compliance.",
      "[Azure DevOps] Support options provided by Azure DevOps for automotive compliance users. — No verified findings on support options provided by Azure DevOps for automotive compliance users.",
      "[Azure DevOps] Recent updates or changes to Azure DevOps offerings that impact automotive compliance. — No verified findings on recent updates or changes to Azure DevOps offerings that impact automotive compliance."
    ]
  },
  "metadata": {
    "workers": [
      "competitor_intelligence",
      "market_intelligence",
      "internal_intelligence"
    ],
    "finding_count": 17,
    "verified_count": 14,
    "insufficient_count": 3,
    "completed_at": "2026-10-08T07:54:48.887145+00:00"
  },
  "completed_at": "2026-10-08T07:54:48.887171Z"
}

2026-10-08 12:07:48  
[verification] NODE: assess_findings

[verification] NODE: decide

========================================================================
[verification] OUTPUT STATE
========================================================================
{
  "research_run_id": "d964bda9-2e8b-4a68-8ccb-5935fcedfa27",
  "decision": {
    "status": "verified",
    "targeted_actions": [],
    "summary": "7 of 11 findings are evidence-backed; 4 were insufficient and recorded for follow-up."
  },
  "findings": [
    {
      "finding_id": "d05d4ef4-c5a1-4e5e-bf56-c6a3e21b94fa",
      "worker": "market_intelligence",
      "statement": "The automotive software market was valued at US$16.08 billion in 2024.",
      "verification_status": "verified",
      "evidence_quality": "medium",
      "evidence_ids": [
        "26a76f14-c7c7-4744-bd88-7143dc049345"
      ],
      "contradictions": [],
      "missing_information": [],
      "confidence": 0.78
    },
    {
      "finding_id": "fb28ee36-693e-4c3c-8fe9-52a4a7cc7db9",
      "worker": "market_intelligence",
      "statement": "The automotive software market is projected to reach US$37.68 billion by 2031.",
      "verification_status": "verified",
      "evidence_quality": "medium",
      "evidence_ids": [
        "f64ea55c-e5f1-41fe-b24e-387bd2cfedf3"
      ],
      "contradictions": [],
      "missing_information": [],
      "confidence": 0.78
    },
    {
      "finding_id": "c12400ff-c979-4e2e-8696-7ab5b23b3ac8",
      "worker": "market_intelligence",
      "statement": "The market is expected to grow at a compound annual growth rate (CAGR) of 12.9% from 2024 to 2031.",
      "verification_status": "verified",
      "evidence_quality": "medium",
      "evidence_ids": [
        "df8e167d-f4a8-4360-93f4-f065f2d94706"
      ],
      "contradictions": [],
      "missing_information": [],
      "confidence": 0.78
    },
    {
      "finding_id": "6458773b-0e98-40e2-86a2-44b439dee4ea",
      "worker": "market_intelligence",
      "statement": "Finite State provides connected device security solutions for automotive compliance.",
      "verification_status": "insufficient",
      "evidence_quality": "low",
      "evidence_ids": [
        "e0354301-79c1-4728-965c-468159cb39c9"
      ],
      "contradictions": [],
      "missing_information": [
        "Named official, analyst, or news source beyond this URL class."
      ],
      "confidence": 0.31
    },
    {
      "finding_id": "0bf81bb7-7183-4ca5-ada8-cb175259dde7",
      "worker": "market_intelligence",
      "statement": "Regulators have turned optional good practice into mandatory requirements in recent years.",
      "verification_status": "insufficient",
      "evidence_quality": "low",
      "evidence_ids": [
        "b0be9eb0-0767-4e24-8f30-6c456263201f"
      ],
      "contradictions": [],
      "missing_information": [
        "Named official, analyst, or news source beyond this URL class."
      ],
      "confidence": 0.31
    },
    {
      "finding_id": "c8aefdfc-0757-43b2-a72e-f2f92534efe8",
      "worker": "market_intelligence",
      "statement": "Automotive regulatory compliance covers safety, emissions, and cybersecurity rules.",
      "verification_status": "insufficient",
      "evidence_quality": "low",
      "evidence_ids": [
        "126592bb-3b70-4be2-9b86-2cd33bd43c03"
      ],
      "contradictions": [],
      "missing_information": [
        "Named official, analyst, or news source beyond this URL class."
      ],
      "confidence": 0.31
    },
    {
      "finding_id": "d8559089-21a4-41fa-b3e6-d6e513c05724",
      "worker": "market_intelligence",
      "statement": "The top 5–7 automotive software vendors capture a significant portion of market revenue.",
      "verification_status": "verified",
      "evidence_quality": "medium",
      "evidence_ids": [
        "82ebd950-0bba-4390-9dad-65212eae0092"
      ],
      "contradictions": [],
      "missing_information": [],
      "confidence": 0.78
    },
    {
      "finding_id": "06b45c6e-57bb-46d2-9e36-28f71a385cee",
      "worker": "market_intelligence",
      "statement": "Azure DevOps offers a free tier for up to 5 users with Basic access.",
      "verification_status": "verified",
      "evidence_quality": "medium",
      "evidence_ids": [
        "bac6cee2-1cd7-4f89-b623-659315869c39"
      ],
      "contradictions": [],
      "missing_information": [],
      "confidence": 0.78
    },
    {
      "finding_id": "eb951bdc-2f6e-4027-bd69-fd747c1f1380",
      "worker": "market_intelligence",
      "statement": "Azure DevOps Basic + Test Plans costs $52 per user per month.",
      "verification_status": "verified",
      "evidence_quality": "medium",
      "evidence_ids": [
        "97fccf8c-a312-43fd-93c0-18d821477c5c"
      ],
      "contradictions": [],
      "missing_information": [],
      "confidence": 0.78
    },
    {
      "finding_id": "d5e4eaa6-9b55-4e3b-b34b-80d9592c45a3",
      "worker": "market_intelligence",
      "statement": "Valeo announced a new China facility dedicated to supporting SDV compliance and controlled update architectures.",
      "verification_status": "verified",
      "evidence_quality": "medium",
      "evidence_ids": [
        "fc4ec905-c546-4a69-9389-5e573914c55e"
      ],
      "contradictions": [],
      "missing_information": [],
      "confidence": 0.78
    },
    {
      "finding_id": "3628b9f5-00ed-448a-a5f8-361033ffc5db",
      "worker": "market_intelligence",
      "statement": "FTC regulations on advertising and pricing transparency are driving changes in the automotive ecosystem.",
      "verification_status": "insufficient",
      "evidence_quality": "low",
      "evidence_ids": [
        "5e83b7c9-2477-46be-918b-f55ebc280a57"
      ],
      "contradictions": [],
      "missing_information": [
        "Worker confidence below 60%.",
        "Named official, analyst, or news source beyond this URL class."
      ],
      "confidence": 0.27
    }
  ],
  "control_summary": {
    "missing_information": [
      "Named official, analyst, or news source beyond this URL class.",
      "Worker confidence below 60%."
    ],
    "conflicts": [],
    "failures": [
      "competitor_intelligence: worker raised RuntimeError: Requirement identification failed (no structured output).",
      "internal_intelligence: \"no worker registered for 'internal_intelligence'\""
    ],
    "next_research_targets": [
      "Finite State provides connected device security solutions for automotive compliance. — Named official, analyst, or news source beyond this URL class.",
      "Regulators have turned optional good practice into mandatory requirements in recent years. — Named official, analyst, or news source beyond this URL class.",
      "Automotive regulatory compliance covers safety, emissions, and cybersecurity rules. — Named official, analyst, or news source beyond this URL class.",
      "FTC regulations on advertising and pricing transparency are driving changes in the automotive ecosystem. — Worker confidence below 60%."
    ]
  },
  "metadata": {
    "workers": [
      "competitor_intelligence",
      "market_intelligence",
      "internal_intelligence"
    ],
    "finding_count": 11,
    "verified_count": 7,
    "insufficient_count": 4,
    "completed_at": "2026-10-08T09:07:48.851911+00:00"
  },
  "completed_at": "2026-10-08T09:07:48.851949Z"
}

2026-10-08 12:15:18  
[verification] NODE: assess_findings

[verification] NODE: decide

========================================================================
[verification] OUTPUT STATE
========================================================================
{
  "research_run_id": "2234785e-5241-46ef-aa0f-f33e8e902b9b",
  "decision": {
    "status": "verified",
    "targeted_actions": [],
    "summary": "10 of 23 findings are evidence-backed; 13 were insufficient and recorded for follow-up."
  },
  "findings": [
    {
      "finding_id": "9856464a-1197-4b25-b1d2-e776efd4b1e9",
      "worker": "competitor_intelligence",
      "statement": "Azure DevOps supports automotive compliance workflows by allowing users to extend process templates with custom work item types such as 'System Requirement' and 'Safety Goal'. This enables teams to enforce state transitions and maintain real-time traceability matrices through integration with Azure Boards' queries, which is essential for ASPICE compliance.",
      "verification_status": "insufficient",
      "evidence_quality": "low",
      "evidence_ids": [
        "e97257d6-2f25-485c-b458-94371d4d7946"
      ],
      "contradictions": [],
      "missing_information": [
        "Named official, analyst, or news source beyond this URL class."
      ],
      "confidence": 0.31
    },
    {
      "finding_id": "2931920c-bda3-4265-b6ab-d5495df9d927",
      "worker": "competitor_intelligence",
      "statement": "Azure DevOps offers integration options with various tools, including IBM DOORS, Jira, and GitLab, facilitating seamless collaboration across different platforms. This integration is crucial for automotive compliance as it allows teams to connect their existing toolchains and maintain traceability across requirements management systems.",
      "verification_status": "insufficient",
      "evidence_quality": "low",
      "evidence_ids": [
        "4ae60a3a-7cef-4eb2-b993-293798255872",
        "5b0885f8-1322-433f-96b2-8a3c885e7a43"
      ],
      "contradictions": [],
      "missing_information": [
        "Named official, analyst, or news source beyond this URL class."
      ],
      "confidence": 0.31
    },
    {
      "finding_id": "97937bb0-68d1-41f1-8ab2-5c1f987b8109",
      "worker": "competitor_intelligence",
      "statement": "As of 2026, Azure DevOps is utilized by 117,012 verified organizations, with significant adoption in sectors such as technology, financial services, and healthcare.",
      "verification_status": "insufficient",
      "evidence_quality": "low",
      "evidence_ids": [
        "7c2de35f-0a87-4069-8089-88af2769afbe"
      ],
      "contradictions": [],
      "missing_information": [
        "Named official, analyst, or news source beyond this URL class."
      ],
      "confidence": 0.31
    },
    {
      "finding_id": "efcbe2b6-38e1-4319-a3f0-f852e8cac8fd",
      "worker": "competitor_intelligence",
      "statement": "Azure DevOps incorporates security features relevant to automotive compliance, including the use of Azure Policy for real-time enforcement and remediation of compliance rules. This allows organizations to ensure that deployments meet organizational standards and regulatory requirements.",
      "verification_status": "insufficient",
      "evidence_quality": "low",
      "evidence_ids": [
        "ae8a6e83-49b9-4ff1-94f4-bc68cd404f90",
        "b27060cc-5c77-4096-9484-90af5b7f024d"
      ],
      "contradictions": [],
      "missing_information": [
        "Named official, analyst, or news source beyond this URL class."
      ],
      "confidence": 0.31
    },
    {
      "finding_id": "889bd0fe-e33b-4437-aa4c-e6cc786b7962",
      "worker": "competitor_intelligence",
      "statement": "Recent updates to Azure DevOps include enhancements to compliance management features, such as the introduction of Compliance4DevOps, which integrates compliance management directly into the Azure DevOps workflow.",
      "verification_status": "insufficient",
      "evidence_quality": "low",
      "evidence_ids": [
        "98456420-88df-459e-90fb-dbc264540b4b"
      ],
      "contradictions": [],
      "missing_information": [
        "Named official, analyst, or news source beyond this URL class."
      ],
      "confidence": 0.31
    },
    {
      "finding_id": "db311a0b-a435-4007-b1b9-970063c25e94",
      "worker": "competitor_intelligence",
      "statement": "Azure DevOps offers a pricing structure that includes various tiers based on user access and features. Basic users can access all features except Azure Test Plan administration for $6 per month. Prices for Azure DevOps Server start at $45 per user and can increase to $499 per user, depending on the additional services and platforms required. Paid support options start at $29 per month and can go as high as $1,000 per month, depending on the level of support required.",
      "verification_status": "insufficient",
      "evidence_quality": "low",
      "evidence_ids": [
        "ae28bb7b-498b-4de0-9d0c-c98afebe9ffe"
      ],
      "contradictions": [],
      "missing_information": [
        "Named official, analyst, or news source beyond this URL class."
      ],
      "confidence": 0.31
    },
    {
      "finding_id": "c99914d1-bcfc-4881-942c-aa0700799513",
      "worker": "competitor_intelligence",
      "statement": "Azure DevOps provides multiple support options for users, including self-service resources and paid support plans. The paid support starts at $29 per month, with higher tiers available for more comprehensive assistance.",
      "verification_status": "insufficient",
      "evidence_quality": "low",
      "evidence_ids": [
        "ae28bb7b-498b-4de0-9d0c-c98afebe9ffe"
      ],
      "contradictions": [],
      "missing_information": [
        "Named official, analyst, or news source beyond this URL class."
      ],
      "confidence": 0.31
    },
    {
      "finding_id": "239936d7-734a-49d1-8811-54a90ccbe384",
      "worker": "competitor_intelligence",
      "statement": "Azure DevOps leverages AI and AI agents to improve design, requirements management, coding, and vehicle engineering functions in the automotive industry, leading to enterprise efficiency, rapid innovation, and shorter development times.",
      "verification_status": "insufficient",
      "evidence_quality": "low",
      "evidence_ids": [
        "f167bc0f-3ff2-4ca1-9f17-d9b292a4ff28"
      ],
      "contradictions": [],
      "missing_information": [
        "Named official, analyst, or news source beyond this URL class."
      ],
      "confidence": 0.31
    },
    {
      "finding_id": "e50e860e-bfae-43f6-826c-b367f6e9bcfc",
      "worker": "competitor_intelligence",
      "statement": "Azure DevOps supports secure, controlled infrastructure for automotive applications through the use of self-hosted agents, providing full visibility and control within a secure on-premise setup, as demonstrated in a case study with a leading U.S. automotive manufacturer.",
      "verification_status": "insufficient",
      "evidence_quality": "low",
      "evidence_ids": [
        "6973e917-5005-48e3-99e3-d91e6c29a9e2"
      ],
      "contradictions": [],
      "missing_information": [
        "Named official, analyst, or news source beyond this URL class."
      ],
      "confidence": 0.31
    },
    {
      "finding_id": "d9773fe3-e90b-4707-a06f-70d1a292ab0b",
      "worker": "competitor_intelligence",
      "statement": "Azure DevOps leads on compliance and auditability.",
      "verification_status": "insufficient",
      "evidence_quality": "low",
      "evidence_ids": [
        "426c7875-f76c-4e87-9add-346021ecc716"
      ],
      "contradictions": [],
      "missing_information": [
        "Named official, analyst, or news source beyond this URL class."
      ],
      "confidence": 0.31
    },
    {
      "finding_id": "f3465d41-fbc6-42c9-bff3-87049ea1b37b",
      "worker": "competitor_intelligence",
      "statement": "Azure DevOps is utilized by organizations in the automotive sector in Detroit, where enterprises require migration plans addressing IIoT data connectivity and compliance with local regulations.",
      "verification_status": "insufficient",
      "evidence_quality": "low",
      "evidence_ids": [
        "be6f51cf-0e9a-4503-ba84-00eaa0dd6902"
      ],
      "contradictions": [],
      "missing_information": [
        "Named official, analyst, or news source beyond this URL class."
      ],
      "confidence": 0.31
    },
    {
      "finding_id": "b6df5798-6743-4648-bc28-9c083d1ea4d0",
      "worker": "market_intelligence",
      "statement": "The Automotive Software Market is estimated to be valued at USD 20.61 bn in 2026.",
      "verification_status": "verified",
      "evidence_quality": "medium",
      "evidence_ids": [
        "dbe8232e-b29d-491d-a7f1-07a69c33adf4"
      ],
      "contradictions": [],
      "missing_information": [],
      "confidence": 0.78
    },
    {
      "finding_id": "472fc42c-b4c5-4b9f-8317-0d77b9e4f65a",
      "worker": "market_intelligence",
      "statement": "It is expected to reach USD 49.39 bn by 2033.",
      "verification_status": "verified",
      "evidence_quality": "medium",
      "evidence_ids": [
        "0f969247-6383-403b-ba23-7db768dc6207"
      ],
      "contradictions": [],
      "missing_information": [],
      "confidence": 0.78
    },
    {
      "finding_id": "17b9a98b-bdd0-4522-b1fd-556d6e119e33",
      "worker": "market_intelligence",
      "statement": "The CAGR of the Automotive Software Market is projected to be 13.3% from 2026 to 2033.",
      "verification_status": "verified",
      "evidence_quality": "medium",
      "evidence_ids": [
        "c1ab8c2f-c545-438e-887f-c40e8fc734d6"
      ],
      "contradictions": [],
      "missing_information": [],
      "confidence": 0.78
    },
    {
      "finding_id": "543f4cff-f007-44a9-be3c-b011788cc3eb",
      "worker": "market_intelligence",
      "statement": "The first AUTOSAR Classical platform version was released in 2005.",
      "verification_status": "verified",
      "evidence_quality": "medium",
      "evidence_ids": [
        "49f9ff37-0688-4aef-a6a3-4761e864a181"
      ],
      "contradictions": [],
      "missing_information": [],
      "confidence": 0.78
    },
    {
      "finding_id": "cc6190d2-b3f8-4e62-a31a-e42e3f78811c",
      "worker": "market_intelligence",
      "statement": "The first AUTOSAR Adaptive version was released in 2017.",
      "verification_status": "verified",
      "evidence_quality": "medium",
      "evidence_ids": [
        "5877c980-19ab-4037-a02f-6ae2b4f9713d"
      ],
      "contradictions": [],
      "missing_information": [],
      "confidence": 0.78
    },
    {
      "finding_id": "7215fcca-4f8a-4526-9543-7a648b665e62",
      "worker": "market_intelligence",
      "statement": "Azure DevOps has successfully passed the ISO 26262 ASIL D certification.",
      "verification_status": "verified",
      "evidence_quality": "medium",
      "evidence_ids": [
        "4be2dde1-2e42-4985-907f-fd6d4535ab0d"
      ],
      "contradictions": [],
      "missing_information": [],
      "confidence": 0.78
    },
    {
      "finding_id": "c0c21bd6-f077-4c3d-a5ab-b5a96a0a35da",
      "worker": "market_intelligence",
      "statement": "Azure DevOps is the only software development platform with ISO 26262 ASIL D certification.",
      "verification_status": "verified",
      "evidence_quality": "medium",
      "evidence_ids": [
        "4f8f24a8-5274-453c-b6be-05110ade900a"
      ],
      "contradictions": [],
      "missing_information": [],
      "confidence": 0.78
    },
    {
      "finding_id": "db38124d-ef44-4c34-a49a-fe829d335f09",
      "worker": "market_intelligence",
      "statement": "Azure DevOps product stack includes Azure Boards, Azure Pipelines, Azure Repos, Azure Test Plans, and Azure Artifacts.",
      "verification_status": "insufficient",
      "evidence_quality": "low",
      "evidence_ids": [
        "f1b78dfa-219a-4570-a45e-e6b071cdb59c"
      ],
      "contradictions": [],
      "missing_information": [
        "Named official, analyst, or news source beyond this URL class."
      ],
      "confidence": 0.31
    },
    {
      "finding_id": "5968a012-ebd1-4ee1-9f12-f05aa29ff0ab",
      "worker": "market_intelligence",
      "statement": "GitLab offers three deployment options: GitLab.com, GitLab Self-Managed, and GitLab Dedicated.",
      "verification_status": "insufficient",
      "evidence_quality": "high",
      "evidence_ids": [
        "8b7188dc-8a8a-4577-8355-95908460de3d"
      ],
      "contradictions": [],
      "missing_information": [
        "Worker confidence below 60%."
      ],
      "confidence": 0.41
    },
    {
      "finding_id": "a0c27be3-1ce5-434a-b811-0cee07367d91",
      "worker": "market_intelligence",
      "statement": "GitLab Ultimate costs $99 per user per month.",
      "verification_status": "verified",
      "evidence_quality": "medium",
      "evidence_ids": [
        "e1d71501-553d-40f8-8a0e-578e7e753785"
      ],
      "contradictions": [],
      "missing_information": [],
      "confidence": 0.78
    },
    {
      "finding_id": "628eaa06-38b7-4723-ab7f-7f2333106119",
      "worker": "market_intelligence",
      "statement": "GitLab Premium costs $29 per user per month and does not include security scanning features.",
      "verification_status": "verified",
      "evidence_quality": "medium",
      "evidence_ids": [
        "5f9d0a75-b456-47f2-a5cc-9cb182aa6e93"
      ],
      "contradictions": [],
      "missing_information": [],
      "confidence": 0.78
    },
    {
      "finding_id": "4690b65c-5822-489b-87c3-0baee9f56e83",
      "worker": "market_intelligence",
      "statement": "A 100‑person engineering team would spend roughly $87,000–$100,000 per year on GitLab Ultimate after enterprise discounts.",
      "verification_status": "verified",
      "evidence_quality": "medium",
      "evidence_ids": [
        "bacf8f0c-7814-4ae9-b419-20c7f68c36a2"
      ],
      "contradictions": [],
      "missing_information": [],
      "confidence": 0.78
    }
  ],
  "control_summary": {
    "missing_information": [
      "Named official, analyst, or news source beyond this URL class.",
      "Worker confidence below 60%."
    ],
    "conflicts": [],
    "failures": [
      "internal_intelligence: \"no worker registered for 'internal_intelligence'\""
    ],
    "next_research_targets": [
      "Azure DevOps supports automotive compliance workflows by allowing users to extend process templates with custom work item types such as 'System Requirement' and 'Safety Goal'. This enables teams to enforce state transitions and maintain real-time traceability matrices through integration with Azure Boards' queries, which is essential for ASPICE compliance. — Named official, analyst, or news source beyond this URL class.",
      "Azure DevOps offers integration options with various tools, including IBM DOORS, Jira, and GitLab, facilitating seamless collaboration across different platforms. This integration is crucial for automotive compliance as it allows teams to connect their existing toolchains and maintain traceability across requirements management systems. — Named official, analyst, or news source beyond this URL class.",
      "As of 2026, Azure DevOps is utilized by 117,012 verified organizations, with significant adoption in sectors such as technology, financial services, and healthcare. — Named official, analyst, or news source beyond this URL class.",
      "Azure DevOps incorporates security features relevant to automotive compliance, including the use of Azure Policy for real-time enforcement and remediation of compliance rules. This allows organizations to ensure that deployments meet organizational standards and regulatory requirements. — Named official, analyst, or news source beyond this URL class.",
      "Recent updates to Azure DevOps include enhancements to compliance management features, such as the introduction of Compliance4DevOps, which integrates compliance management directly into the Azure DevOps workflow. — Named official, analyst, or news source beyond this URL class.",
      "Azure DevOps offers a pricing structure that includes various tiers based on user access and features. Basic users can access all features except Azure Test Plan administration for $6 per month. Prices for Azure DevOps Server start at $45 per user and can increase to $499 per user, depending on the additional services and platforms required. Paid support options start at $29 per month and can go as high as $1,000 per month, depending on the level of support required. — Named official, analyst, or news source beyond this URL class.",
      "Azure DevOps provides multiple support options for users, including self-service resources and paid support plans. The paid support starts at $29 per month, with higher tiers available for more comprehensive assistance. — Named official, analyst, or news source beyond this URL class.",
      "Azure DevOps leverages AI and AI agents to improve design, requirements management, coding, and vehicle engineering functions in the automotive industry, leading to enterprise efficiency, rapid innovation, and shorter development times. — Named official, analyst, or news source beyond this URL class.",
      "Azure DevOps supports secure, controlled infrastructure for automotive applications through the use of self-hosted agents, providing full visibility and control within a secure on-premise setup, as demonstrated in a case study with a leading U.S. automotive manufacturer. — Named official, analyst, or news source beyond this URL class.",
      "Azure DevOps leads on compliance and auditability. — Named official, analyst, or news source beyond this URL class.",
      "Azure DevOps is utilized by organizations in the automotive sector in Detroit, where enterprises require migration plans addressing IIoT data connectivity and compliance with local regulations. — Named official, analyst, or news source beyond this URL class.",
      "Azure DevOps product stack includes Azure Boards, Azure Pipelines, Azure Repos, Azure Test Plans, and Azure Artifacts. — Named official, analyst, or news source beyond this URL class.",
      "GitLab offers three deployment options: GitLab.com, GitLab Self-Managed, and GitLab Dedicated. — Worker confidence below 60%."
    ]
  },
  "metadata": {
    "workers": [
      "internal_intelligence",
      "competitor_intelligence",
      "market_intelligence"
    ],
    "finding_count": 23,
    "verified_count": 10,
    "insufficient_count": 13,
    "completed_at": "2026-10-08T09:15:18.362757+00:00"
  },
  "completed_at": "2026-10-08T09:15:18.362789Z"
}

2026-10-08 12:25:18  
[verification] NODE: assess_findings

[verification] NODE: decide

========================================================================
[verification] OUTPUT STATE
========================================================================
{
  "research_run_id": "ee92e7f4-a594-4a6c-99c2-be7bba29b338",
  "decision": {
    "status": "verified",
    "targeted_actions": [],
    "summary": "12 of 30 findings are evidence-backed; 18 were insufficient and recorded for follow-up."
  },
  "findings": [
    {
      "finding_id": "9bfc4e55-d4cc-4ff2-af0f-38b6b2d7a0ad",
      "worker": "competitor_intelligence",
      "statement": "Azure DevOps supports automotive compliance workflows by allowing users to extend process templates with custom work item types such as 'System Requirement' and 'Safety Goal'. This enables teams to enforce state transitions and maintain real-time traceability matrices through integration with Azure Boards' queries, which is essential for ASPICE compliance.",
      "verification_status": "insufficient",
      "evidence_quality": "low",
      "evidence_ids": [
        "d276bca2-1d67-4f92-b35a-5e0b430ebf96"
      ],
      "contradictions": [],
      "missing_information": [
        "Named official, analyst, or news source beyond this URL class."
      ],
      "confidence": 0.31
    },
    {
      "finding_id": "c6ce20fb-5475-49cf-8b98-7fc25aa267b1",
      "worker": "competitor_intelligence",
      "statement": "Azure DevOps offers integration options with various tools, including IBM DOORS, Jira, and GitLab, facilitating seamless collaboration across different platforms. This integration is crucial for automotive compliance as it allows teams to connect their existing toolchains and maintain traceability across requirements and development processes.",
      "verification_status": "insufficient",
      "evidence_quality": "low",
      "evidence_ids": [
        "d96d38ff-d31f-4429-a4cc-2a2b8dfb312a",
        "ce3c2f9a-7aa7-474d-aa69-e37bbc628eef"
      ],
      "contradictions": [],
      "missing_information": [
        "Named official, analyst, or news source beyond this URL class."
      ],
      "confidence": 0.31
    },
    {
      "finding_id": "f2305fca-5fc1-432a-9f0d-636b75e50a2b",
      "worker": "competitor_intelligence",
      "statement": "As of 2026, Azure DevOps is utilized by 117,012 verified organizations, with significant adoption in sectors such as technology, financial services, and healthcare.",
      "verification_status": "insufficient",
      "evidence_quality": "low",
      "evidence_ids": [
        "6e788308-349f-4489-8489-f5610b3f91e1"
      ],
      "contradictions": [],
      "missing_information": [
        "Named official, analyst, or news source beyond this URL class."
      ],
      "confidence": 0.31
    },
    {
      "finding_id": "4eafbc6f-43c3-48e3-9df5-ec5de00a9633",
      "worker": "competitor_intelligence",
      "statement": "Azure DevOps incorporates security features relevant to automotive compliance, including audit logs that capture every field change for compliance exports and the ability to enforce least privilege access through Azure AD.",
      "verification_status": "insufficient",
      "evidence_quality": "low",
      "evidence_ids": [
        "49ae45bf-26a3-4e65-8368-eb5c86c7c9ed",
        "a577f6b9-7dd8-402d-8c63-1f19a9665619"
      ],
      "contradictions": [],
      "missing_information": [
        "Named official, analyst, or news source beyond this URL class."
      ],
      "confidence": 0.31
    },
    {
      "finding_id": "f883e285-d26c-491b-b24f-3baa2b1dc06d",
      "worker": "competitor_intelligence",
      "statement": "Azure DevOps provides various support options for automotive compliance users, including built-in compliance management tools and extensive documentation. The platform also supports automated compliance checks through integrations with tools like Azure Policy, ensuring that deployments adhere to organizational standards.",
      "verification_status": "insufficient",
      "evidence_quality": "low",
      "evidence_ids": [
        "42ab311b-e2ee-4cb0-b11b-2cf4c394b7fc",
        "6a77826f-479b-44a8-be4f-b479fd04c3ce"
      ],
      "contradictions": [],
      "missing_information": [
        "Named official, analyst, or news source beyond this URL class."
      ],
      "confidence": 0.31
    },
    {
      "finding_id": "31a9441e-15f4-4fa5-a328-ac314974f12d",
      "worker": "competitor_intelligence",
      "statement": "Azure DevOps offers a pricing structure that includes various tiers, starting at $45 per user for the Azure DevOps Server, with additional costs for extra services and features. Paid support options are available, beginning at $29 per month and can go up to $1,000 per month depending on the level of support required.",
      "verification_status": "insufficient",
      "evidence_quality": "low",
      "evidence_ids": [
        "9e353d30-af5b-4c7f-a793-c97199812d43"
      ],
      "contradictions": [],
      "missing_information": [
        "Named official, analyst, or news source beyond this URL class."
      ],
      "confidence": 0.31
    },
    {
      "finding_id": "01f621f1-a601-4105-8a21-762df2b24c86",
      "worker": "competitor_intelligence",
      "statement": "The March 2026 update for Azure DevOps introduced enhanced enterprise governance, security controls, and SDLC visibility, which are crucial for compliance in regulated industries like automotive. This update includes improvements in policy enforcement, permissions management, and audit logging, which are essential for organizations aiming to meet compliance standards.",
      "verification_status": "insufficient",
      "evidence_quality": "low",
      "evidence_ids": [
        "e9a05ad4-ad76-48ec-97e4-e3075f91a36e"
      ],
      "contradictions": [],
      "missing_information": [
        "Named official, analyst, or news source beyond this URL class."
      ],
      "confidence": 0.31
    },
    {
      "finding_id": "441d5e5a-ba34-4e5a-a3a0-ebab18462838",
      "worker": "competitor_intelligence",
      "statement": "Azure DevOps is used by 18.6% of professional developers according to the 2025 Stack Overflow survey, placing it ahead of many niche ALM tools.",
      "verification_status": "insufficient",
      "evidence_quality": "low",
      "evidence_ids": [
        "ccc01486-f379-4caf-b9e8-9190090fbcd3"
      ],
      "contradictions": [],
      "missing_information": [
        "Named official, analyst, or news source beyond this URL class."
      ],
      "confidence": 0.31
    },
    {
      "finding_id": "dc2ca975-f60b-4e3c-a6ec-ef0afc5d958f",
      "worker": "competitor_intelligence",
      "statement": "Azure DevOps' pricing structure includes various tiers, starting at $45 per user for the Azure DevOps Server.",
      "verification_status": "insufficient",
      "evidence_quality": "low",
      "evidence_ids": [
        "ccc01486-f379-4caf-b9e8-9190090fbcd3"
      ],
      "contradictions": [],
      "missing_information": [
        "Claim quantity $45 is not in the saved source.",
        "Claim quantity 45 is not in the saved source.",
        "Named official, analyst, or news source beyond this URL class."
      ],
      "confidence": 0.23
    },
    {
      "finding_id": "a8d1e429-8e1a-4ee5-9e13-4c4c88cd292b",
      "worker": "competitor_intelligence",
      "statement": "As of 2026, Azure DevOps is utilized by approximately 80,040 companies, indicating a significant presence in the market. This widespread adoption is driven by the increasing demand for faster software deployment and the integration of complex software systems in the automotive industry, particularly among electric and autonomous vehicle manufacturers.",
      "verification_status": "insufficient",
      "evidence_quality": "low",
      "evidence_ids": [
        "5c05c618-435d-4626-b146-1fa768e62b2f",
        "7a7071c5-2ab5-4349-8381-fd388583ab09"
      ],
      "contradictions": [],
      "missing_information": [
        "Named official, analyst, or news source beyond this URL class."
      ],
      "confidence": 0.31
    },
    {
      "finding_id": "517e2531-109d-49c4-a251-47508971f55c",
      "worker": "competitor_intelligence",
      "statement": "Over 68% of automotive companies have reported improved deployment efficiency after implementing DevOps practices. This trend is particularly relevant as vehicles become more software-defined, necessitating robust compliance workflows.",
      "verification_status": "insufficient",
      "evidence_quality": "low",
      "evidence_ids": [
        "7a7071c5-2ab5-4349-8381-fd388583ab09"
      ],
      "contradictions": [],
      "missing_information": [
        "Named official, analyst, or news source beyond this URL class."
      ],
      "confidence": 0.31
    },
    {
      "finding_id": "fb415b8b-b4c4-4ead-82dd-51c134f30fc3",
      "worker": "competitor_intelligence",
      "statement": "The DevOps Automotive Services Market is projected to grow at a 22.7% CAGR through 2028, driven by the need for compliance and quality assurance in software development. Azure DevOps is positioned to benefit from this growth as automakers modernize their supply chains and adopt DevOps practices to meet regulatory pressures.",
      "verification_status": "insufficient",
      "evidence_quality": "low",
      "evidence_ids": [
        "7a7071c5-2ab5-4349-8381-fd388583ab09"
      ],
      "contradictions": [],
      "missing_information": [
        "Named official, analyst, or news source beyond this URL class."
      ],
      "confidence": 0.31
    },
    {
      "finding_id": "f27a030d-59d9-4bec-9555-f5861462d9e7",
      "worker": "competitor_intelligence",
      "statement": "Azure DevOps has emerged as a preferred platform for US enterprises due to its strong integration with the Microsoft ecosystem, including Office 365 and Azure Cloud. It supports compliance requirements through robust CI/CD pipelines, agile workflows, and infrastructure automation, providing a comprehensive toolkit for enterprises to scale securely while ensuring compliance.",
      "verification_status": "insufficient",
      "evidence_quality": "low",
      "evidence_ids": [
        "215c67ac-d68a-421b-a594-0b4fe6c6af8b"
      ],
      "contradictions": [],
      "missing_information": [
        "Named official, analyst, or news source beyond this URL class."
      ],
      "confidence": 0.31
    },
    {
      "finding_id": "fd3389f3-0338-4692-8c84-49eb6138d81d",
      "worker": "competitor_intelligence",
      "statement": "Azure DevOps offers extensive support for compliance management, including best practices that optimize workflows and strengthen security. This support is crucial for enterprises looking to maintain compliance while leveraging Azure DevOps for their development processes.",
      "verification_status": "insufficient",
      "evidence_quality": "low",
      "evidence_ids": [
        "215c67ac-d68a-421b-a594-0b4fe6c6af8b"
      ],
      "contradictions": [],
      "missing_information": [
        "Named official, analyst, or news source beyond this URL class."
      ],
      "confidence": 0.31
    },
    {
      "finding_id": "051a6556-4b92-4603-83ec-c240358e2c7b",
      "worker": "competitor_intelligence",
      "statement": "Azure DevOps Projects holds 13.62% of the DevOps services market as of 2026.",
      "verification_status": "insufficient",
      "evidence_quality": "low",
      "evidence_ids": [
        "c62ad4e3-ecb8-45bd-8783-a7e505a94bed"
      ],
      "contradictions": [],
      "missing_information": [
        "Named official, analyst, or news source beyond this URL class."
      ],
      "confidence": 0.31
    },
    {
      "finding_id": "46e1619e-e64d-4637-bdd7-b914425f0882",
      "worker": "competitor_intelligence",
      "statement": "As of 2026, 88% of organizations require an access request to go through two or more employees for approval.",
      "verification_status": "insufficient",
      "evidence_quality": "low",
      "evidence_ids": [
        "7d7d1e89-c4ee-4b4d-ba52-fbabe225223f"
      ],
      "contradictions": [],
      "missing_information": [
        "Named official, analyst, or news source beyond this URL class."
      ],
      "confidence": 0.31
    },
    {
      "finding_id": "d8967f14-2ce0-4c65-93ea-640056f3aec7",
      "worker": "market_intelligence",
      "statement": "The regulatory compliance market size is projected to increase from $23.08 billion in 2025 to $25.18 billion in 2026, representing a CAGR of 9.1%.",
      "verification_status": "verified",
      "evidence_quality": "medium",
      "evidence_ids": [
        "41358507-1791-48b9-9263-f3b1d8f0b6bf"
      ],
      "contradictions": [],
      "missing_information": [],
      "confidence": 0.78
    },
    {
      "finding_id": "30dc499a-70da-41d9-8abe-1152bccceff1",
      "worker": "market_intelligence",
      "statement": "The regulatory compliance market size is expected to reach $34.62 billion by 2030, with a CAGR of 8.3% over the forecast period.",
      "verification_status": "verified",
      "evidence_quality": "medium",
      "evidence_ids": [
        "f27ce7d7-b08f-4285-b3f6-8c742a46cef6"
      ],
      "contradictions": [],
      "missing_information": [],
      "confidence": 0.78
    },
    {
      "finding_id": "05b21c19-1748-4ccc-b839-8028802b2ad7",
      "worker": "market_intelligence",
      "statement": "Azure DevOps has passed the ISO 26262 ASIL D certification, the highest level of Functional Safety management process, by TÜV SUD.",
      "verification_status": "verified",
      "evidence_quality": "medium",
      "evidence_ids": [
        "1aa00475-ae17-4153-b83e-3f9025985b09"
      ],
      "contradictions": [],
      "missing_information": [],
      "confidence": 0.78
    },
    {
      "finding_id": "eb34b45d-6eed-409b-b7c8-2ce232736440",
      "worker": "market_intelligence",
      "statement": "Azure DevOps is now the only software development platform with ISO 26262 ASIL D certification.",
      "verification_status": "verified",
      "evidence_quality": "medium",
      "evidence_ids": [
        "7daf0e8e-e588-4517-8613-ab56adc011eb"
      ],
      "contradictions": [],
      "missing_information": [],
      "confidence": 0.78
    },
    {
      "finding_id": "dd9b6d71-e5a5-42ee-8e9a-e836ecf0acd3",
      "worker": "market_intelligence",
      "statement": "Automotive Compliance has 41 employees as of Aug 26.",
      "verification_status": "verified",
      "evidence_quality": "medium",
      "evidence_ids": [
        "f3978593-eaf6-4a14-a417-29a9de83f0a9"
      ],
      "contradictions": [],
      "missing_information": [],
      "confidence": 0.78
    },
    {
      "finding_id": "d60e65c7-c0e9-45b9-843e-5324076b2f74",
      "worker": "market_intelligence",
      "statement": "The OEM segment dominated the market with approximately 56% share in 2024.",
      "verification_status": "verified",
      "evidence_quality": "medium",
      "evidence_ids": [
        "5680b3d4-af26-4e4d-bfc1-725fa6f48785"
      ],
      "contradictions": [],
      "missing_information": [],
      "confidence": 0.78
    },
    {
      "finding_id": "2267ac7e-3357-4fdf-b8db-096907196b93",
      "worker": "market_intelligence",
      "statement": "The multi-brand segment captured 60% of market share.",
      "verification_status": "verified",
      "evidence_quality": "medium",
      "evidence_ids": [
        "42197b12-d6f1-43bf-8c2e-58c46f4f5b73"
      ],
      "contradictions": [],
      "missing_information": [],
      "confidence": 0.78
    },
    {
      "finding_id": "5d147d1f-7138-4b0b-9ca0-2a12ecf09972",
      "worker": "market_intelligence",
      "statement": "Single-vehicle monthly subscription pricing runs $500-1,500 monthly depending on vehicle class.",
      "verification_status": "insufficient",
      "evidence_quality": "low",
      "evidence_ids": [
        "f711ac54-3033-4ab1-82ff-f0d0c24fd9a4"
      ],
      "contradictions": [],
      "missing_information": [
        "Named official, analyst, or news source beyond this URL class."
      ],
      "confidence": 0.31
    },
    {
      "finding_id": "97dd209a-4244-442e-9a18-4e5f0a195357",
      "worker": "market_intelligence",
      "statement": "Emissions from all new passenger cars registered in Europe fell by 28% between 2019 and 2024.",
      "verification_status": "verified",
      "evidence_quality": "high",
      "evidence_ids": [
        "54423966-dece-4145-ae7e-aaf0ff37ab10"
      ],
      "contradictions": [],
      "missing_information": [],
      "confidence": 0.94
    },
    {
      "finding_id": "e029d679-de01-42bd-91c0-76190db450e0",
      "worker": "market_intelligence",
      "statement": "In 2019, WHO estimates 4.2 million deaths from ambient outdoor air pollution and 99 % of the global population lived in areas not meeting WHO air‑quality guidelines.",
      "verification_status": "verified",
      "evidence_quality": "medium",
      "evidence_ids": [
        "7903680c-f27b-4cc9-9841-c39560353cff"
      ],
      "contradictions": [],
      "missing_information": [],
      "confidence": 0.78
    },
    {
      "finding_id": "e3df255e-9bc7-4e8f-8900-6597fdd26a36",
      "worker": "market_intelligence",
      "statement": "AI-driven inventory optimization tools deliver an 18% improvement in stock turnover compared to traditional spreadsheet-based management systems.",
      "verification_status": "verified",
      "evidence_quality": "medium",
      "evidence_ids": [
        "82f29b2c-bdab-47c5-a814-ad4423b91193"
      ],
      "contradictions": [],
      "missing_information": [],
      "confidence": 0.78
    },
    {
      "finding_id": "47c95cdf-d250-4302-857b-ac68c6fb488d",
      "worker": "market_intelligence",
      "statement": "Europe has nearly 68% of enterprise dealer groups implementing integrated CRM and compliance modules.",
      "verification_status": "verified",
      "evidence_quality": "medium",
      "evidence_ids": [
        "f8426935-411d-4a54-b4c7-4ec0a31c69da"
      ],
      "contradictions": [],
      "missing_information": [],
      "confidence": 0.78
    },
    {
      "finding_id": "7584b48b-22d2-4121-9e17-3213b410f42c",
      "worker": "market_intelligence",
      "statement": "Informativ launched the Total Solution platform integrating identity verification, credit controls, and FTC Safeguards Rule compliance.",
      "verification_status": "insufficient",
      "evidence_quality": "low",
      "evidence_ids": [
        "7918be95-b95f-4d15-ad97-64729e15a209"
      ],
      "contradictions": [],
      "missing_information": [
        "Named official, analyst, or news source beyond this URL class."
      ],
      "confidence": 0.31
    },
    {
      "finding_id": "a5483896-eb76-4415-90c2-ccdc287376d3",
      "worker": "market_intelligence",
      "statement": "GitLab has 9,893 customers generating at least $5,000 ARR, which account for 95% of total ARR.",
      "verification_status": "verified",
      "evidence_quality": "medium",
      "evidence_ids": [
        "bc3b577d-ad9c-41bd-9957-7753aec7ecf7"
      ],
      "contradictions": [],
      "missing_information": [],
      "confidence": 0.78
    }
  ],
  "control_summary": {
    "missing_information": [
      "Named official, analyst, or news source beyond this URL class.",
      "Claim quantity $45 is not in the saved source.",
      "Claim quantity 45 is not in the saved source.",
      "[Azure DevOps] Customer adoption rates of Azure DevOps in the automotive compliance sector. — The findings provide general adoption statistics for Azure DevOps across various sectors, but do not specifically address customer adoption rates within the automotive compliance sector. The evidence lacks specific data or insights into how Azure DevOps is adopted specifically for automotive compliance purposes."
    ],
    "conflicts": [],
    "failures": [
      "internal_intelligence: \"no worker registered for 'internal_intelligence'\""
    ],
    "next_research_targets": [
      "Azure DevOps supports automotive compliance workflows by allowing users to extend process templates with custom work item types such as 'System Requirement' and 'Safety Goal'. This enables teams to enforce state transitions and maintain real-time traceability matrices through integration with Azure Boards' queries, which is essential for ASPICE compliance. — Named official, analyst, or news source beyond this URL class.",
      "Azure DevOps offers integration options with various tools, including IBM DOORS, Jira, and GitLab, facilitating seamless collaboration across different platforms. This integration is crucial for automotive compliance as it allows teams to connect their existing toolchains and maintain traceability across requirements and development processes. — Named official, analyst, or news source beyond this URL class.",
      "As of 2026, Azure DevOps is utilized by 117,012 verified organizations, with significant adoption in sectors such as technology, financial services, and healthcare. — Named official, analyst, or news source beyond this URL class.",
      "Azure DevOps incorporates security features relevant to automotive compliance, including audit logs that capture every field change for compliance exports and the ability to enforce least privilege access through Azure AD. — Named official, analyst, or news source beyond this URL class.",
      "Azure DevOps provides various support options for automotive compliance users, including built-in compliance management tools and extensive documentation. The platform also supports automated compliance checks through integrations with tools like Azure Policy, ensuring that deployments adhere to organizational standards. — Named official, analyst, or news source beyond this URL class.",
      "Azure DevOps offers a pricing structure that includes various tiers, starting at $45 per user for the Azure DevOps Server, with additional costs for extra services and features. Paid support options are available, beginning at $29 per month and can go up to $1,000 per month depending on the level of support required. — Named official, analyst, or news source beyond this URL class.",
      "The March 2026 update for Azure DevOps introduced enhanced enterprise governance, security controls, and SDLC visibility, which are crucial for compliance in regulated industries like automotive. This update includes improvements in policy enforcement, permissions management, and audit logging, which are essential for organizations aiming to meet compliance standards. — Named official, analyst, or news source beyond this URL class.",
      "Azure DevOps is used by 18.6% of professional developers according to the 2025 Stack Overflow survey, placing it ahead of many niche ALM tools. — Named official, analyst, or news source beyond this URL class.",
      "Azure DevOps' pricing structure includes various tiers, starting at $45 per user for the Azure DevOps Server. — Claim quantity $45 is not in the saved source.",
      "As of 2026, Azure DevOps is utilized by approximately 80,040 companies, indicating a significant presence in the market. This widespread adoption is driven by the increasing demand for faster software deployment and the integration of complex software systems in the automotive industry, particularly among electric and autonomous vehicle manufacturers. — Named official, analyst, or news source beyond this URL class.",
      "Over 68% of automotive companies have reported improved deployment efficiency after implementing DevOps practices. This trend is particularly relevant as vehicles become more software-defined, necessitating robust compliance workflows. — Named official, analyst, or news source beyond this URL class.",
      "The DevOps Automotive Services Market is projected to grow at a 22.7% CAGR through 2028, driven by the need for compliance and quality assurance in software development. Azure DevOps is positioned to benefit from this growth as automakers modernize their supply chains and adopt DevOps practices to meet regulatory pressures. — Named official, analyst, or news source beyond this URL class.",
      "Azure DevOps has emerged as a preferred platform for US enterprises due to its strong integration with the Microsoft ecosystem, including Office 365 and Azure Cloud. It supports compliance requirements through robust CI/CD pipelines, agile workflows, and infrastructure automation, providing a comprehensive toolkit for enterprises to scale securely while ensuring compliance. — Named official, analyst, or news source beyond this URL class.",
      "Azure DevOps offers extensive support for compliance management, including best practices that optimize workflows and strengthen security. This support is crucial for enterprises looking to maintain compliance while leveraging Azure DevOps for their development processes. — Named official, analyst, or news source beyond this URL class.",
      "Azure DevOps Projects holds 13.62% of the DevOps services market as of 2026. — Named official, analyst, or news source beyond this URL class.",
      "As of 2026, 88% of organizations require an access request to go through two or more employees for approval. — Named official, analyst, or news source beyond this URL class.",
      "Single-vehicle monthly subscription pricing runs $500-1,500 monthly depending on vehicle class. — Named official, analyst, or news source beyond this URL class.",
      "Informativ launched the Total Solution platform integrating identity verification, credit controls, and FTC Safeguards Rule compliance. — Named official, analyst, or news source beyond this URL class.",
      "[Azure DevOps] Customer adoption rates of Azure DevOps in the automotive compliance sector. — The findings provide general adoption statistics for Azure DevOps across various sectors, but do not specifically address customer adoption rates within the automotive compliance sector. The evidence lacks specific data or insights into how Azure DevOps is adopted specifically for automotive compliance purposes."
    ]
  },
  "metadata": {
    "workers": [
      "competitor_intelligence",
      "market_intelligence",
      "internal_intelligence"
    ],
    "finding_count": 30,
    "verified_count": 12,
    "insufficient_count": 18,
    "completed_at": "2026-10-08T09:25:18.864026+00:00"
  },
  "completed_at": "2026-10-08T09:25:18.864050Z"
}

